[
  {
    "sectionHeadlineLink": {
        "endeca:auditInfo": {
            "ecr:innerPath": "mobileContent[0]/mobileSlot[1]/sectionHeadlineLink",
            "ecr:resourcePath": "/content/web browser/Home/Mobile Home Pages/PLEASE DON'T CHANGE- Heather week 38"
        }
    },
    "subTextSize": "16px",
    "endeca:auditInfo": {
        "ecr:innerPath": "mobileContent[0]/mobileSlot[1]",
        "ecr:resourcePath": "/content/web browser/Home/Mobile Home Pages/PLEASE DON'T CHANGE- Heather week 38"
    },
    "headlineTag": "h2",
    "subTag": "h3",
    "sectionHeadingImage": {
        "contentBytes": 0,
        "contentType": "unknown",
        "contentSrcKey": null,
        "uri": null,
        "contentWidth": 0,
        "contentHeight": 0,
        "@class": "com.endeca.infront.cartridge.model.MediaObject"
    },
    "headlineLink": {
        "endeca:auditInfo": {
            "ecr:innerPath": "mobileContent[0]/mobileSlot[1]/headlineLink",
            "ecr:resourcePath": "/content/web browser/Home/Mobile Home Pages/PLEASE DON'T CHANGE- Heather week 38"
        }
    },
    "shortStrokeColor": "flirtingwithfire",
    "sectionTag": "h3",
    "calloutTextColor": "digitalgray",
    "headline": "A BEAUTY STEAL<sup>&reg;</sup><br>EVERY DAY",
    "calloutText": "",
    "name": "Hero Title Text 1",
    "shortStroke": true,
    "headlineColor": "madformagenta",
    "subText": "Every girls way to good hair days",
    "subTextColor": "digitalgray",
    "subHeading": "",
    "bottomMargin": "15px",
    "sectionHeadlineAltText": "images are to be given",
    "topMargin": "15px",
    "sectionHeadingText": "",
    "sectionSubHeadLink": {
        "endeca:auditInfo": {
            "ecr:innerPath": "mobileContent[0]/mobileSlot[1]/sectionSubHeadLink",
            "ecr:resourcePath": "/content/web browser/Home/Mobile Home Pages/PLEASE DON'T CHANGE- Heather week 38"
        }
    },
    "@type": "MobileTextCartridge"
  },
  {
    "sectionHeadlineLink": {
      "endeca:auditInfo": {
        "ecr:innerPath": "mobileContent[6]/mobileSlot[0]/sectionHeadlineLink",
        "ecr:resourcePath": "/content/web browser/Home/Mobile Home Pages/PLEASE DON'T CHANGE- Heather week 38"
      }
    },
    "subTextSize": "16px",
    "endeca:auditInfo": {
      "ecr:innerPath": "mobileContent[6]/mobileSlot[0]",
      "ecr:resourcePath": "/content/web browser/Home/Mobile Home Pages/PLEASE DON'T CHANGE- Heather week 38"
    },
    "headlineTag": "h2",
    "subTag": "h3",
    "sectionHeadingImage": {
      "contentBytes": 0,
      "contentType": null,
      "contentSrcKey": null,
      "uri": null,
      "contentWidth": 0,
      "contentHeight": 0,
      "@class": "com.endeca.infront.cartridge.model.MediaObject"
    },
    "headlineLink": {
      "endeca:auditInfo": {
        "ecr:innerPath": "mobileContent[6]/mobileSlot[0]/headlineLink",
        "ecr:resourcePath": "/content/web browser/Home/Mobile Home Pages/PLEASE DON'T CHANGE- Heather week 38"
      }
    },
    "shortStrokeColor": "madformagenta",
    "sectionTag": "h3",
    "calloutTextColor": "digitalgray",
    "headline": "",
    "calloutText": "",
    "name": "Section Headline",
    "shortStroke": false,
    "headlineColor": "overthemoon",
    "subText": "",
    "subTextColor": "digitalgray",
    "subHeading": "",
    "bottomMargin": "15px",
    "sectionHeadlineAltText": "",
    "topMargin": "0px",
    "sectionHeadingText": "NEW IN BEAUTY",
    "sectionSubHeadLink": {
      "endeca:auditInfo": {
        "ecr:innerPath": "mobileContent[6]/mobileSlot[0]/sectionSubHeadLink",
        "ecr:resourcePath": "/content/web browser/Home/Mobile Home Pages/PLEASE DON'T CHANGE- Heather week 38"
      }
    },
    "@type": "MobileTextCartridge"
  },
  {
    "sectionHeadlineLink": {
      "endeca:auditInfo": {
        "ecr:innerPath": "mobileContent[15]/mobileSlot[0]/sectionHeadlineLink",
        "ecr:resourcePath": "/content/web browser/Home/Mobile Home Pages/PLEASE DON'T CHANGE- Heather week 38"
      }
    },
    "subTextSize": "14px",
    "endeca:auditInfo": {
      "ecr:innerPath": "mobileContent[15]/mobileSlot[0]",
      "ecr:resourcePath": "/content/web browser/Home/Mobile Home Pages/PLEASE DON'T CHANGE- Heather week 38"
    },
    "headlineTag": "h1",
    "subTag": "h2",
    "sectionHeadingImage": {
      "contentBytes": 0,
      "contentType": null,
      "contentSrcKey": null,
      "uri": null,
      "contentWidth": 0,
      "contentHeight": 0,
      "@class": "com.endeca.infront.cartridge.model.MediaObject"
    },
    "headlineLink": {
      "endeca:auditInfo": {
        "ecr:innerPath": "mobileContent[15]/mobileSlot[0]/headlineLink",
        "ecr:resourcePath": "/content/web browser/Home/Mobile Home Pages/PLEASE DON'T CHANGE- Heather week 38"
      }
    },
    "shortStrokeColor": "madformagenta",
    "sectionTag": "h3",
    "calloutTextColor": "digitalgray",
    "headline": "",
    "calloutText": "",
    "name": "Text",
    "shortStroke": false,
    "headlineColor": "overthemoon",
    "subText": "",
    "subTextColor": "digitalgray",
    "subHeading": "\\ Come in store and get your best look \\",
    "bottomMargin": "15px",
    "sectionHeadlineAltText": "",
    "topMargin": "0px",
    "sectionHeadingText": "Beauty Services",
    "sectionSubHeadLink": {
      "endeca:auditInfo": {
        "ecr:innerPath": "mobileContent[15]/mobileSlot[0]/sectionSubHeadLink",
        "ecr:resourcePath": "/content/web browser/Home/Mobile Home Pages/PLEASE DON'T CHANGE- Heather week 38"
      }
    },
    "@type": "MobileTextCartridge"
  },
  {
      "sectionHeadlineLink": {
          "endeca:auditInfo": {
              "ecr:innerPath": "mobileContent[6]/mobileSlot[2]/sectionHeadlineLink",
              "ecr:resourcePath": "/content/web browser/Home/Mobile Home Pages/PLEASE DON'T CHANGE- Heather week 38"
          }
      },
      "subTextSize": "14px",
      "endeca:auditInfo": {
          "ecr:innerPath": "mobileContent[6]/mobileSlot[2]",
          "ecr:resourcePath": "/content/web browser/Home/Mobile Home Pages/PLEASE DON'T CHANGE- Heather week 38"
      },
      "headlineTag": "h2",
      "subTag": "h3",
      "sectionHeadingImage": {
          "contentBytes": 0,
          "contentType": null,
          "contentSrcKey": null,
          "uri": null,
          "contentWidth": 0,
          "contentHeight": 0,
          "@class": "com.endeca.infront.cartridge.model.MediaObject"
      },
      "headlineLink": {
          "endeca:auditInfo": {
              "ecr:innerPath": "mobileContent[6]/mobileSlot[2]/headlineLink",
              "ecr:resourcePath": "/content/web browser/Home/Mobile Home Pages/PLEASE DON'T CHANGE- Heather week 38"
          }
      },
      "shortStrokeColor": "madformagenta",
      "sectionTag": "h3",
      "calloutTextColor": "digitalgray",
      "headline": "",
      "calloutText": "TARTE",
      "name": "Text 1 -TARTE",
      "shortStroke": false,
      "headlineColor": "orangepop",
      "subText": "Tarteist Paint Palette Collector’s Set<br><b>NOW $49</b> \\ $381 VALUE",
      "subTextColor": "digitalgray",
      "subHeading": "",
      "bottomMargin": "1px",
      "sectionHeadlineAltText": "",
      "topMargin": "0px",
      "sectionHeadingText": "",
      "sectionSubHeadLink": {
          "endeca:auditInfo": {
              "ecr:innerPath": "mobileContent[6]/mobileSlot[2]/sectionSubHeadLink",
              "ecr:resourcePath": "/content/web browser/Home/Mobile Home Pages/PLEASE DON'T CHANGE- Heather week 38"
          }
      },
      "@type": "MobileTextCartridge"
  },
  {
      "sectionHeadlineLink": {
          "endeca:auditInfo": {
              "ecr:innerPath": "mobileContent[9]/mobileSlot[0]/sectionHeadlineLink",
              "ecr:resourcePath": "/content/web browser/Home/Mobile Home Pages/PLEASE DON'T CHANGE- Heather week 38"
          }
      },
      "subTextSize": "16px",
      "endeca:auditInfo": {
          "ecr:innerPath": "mobileContent[9]/mobileSlot[0]",
          "ecr:resourcePath": "/content/web browser/Home/Mobile Home Pages/PLEASE DON'T CHANGE- Heather week 38"
      },
      "headlineTag": "h1",
      "subTag": "h3",
      "sectionHeadingImage": {
          "contentBytes": 15581,
          "contentType": "unknown",
          "contentSrcKey": "Scene7",
          "uri": "theMix_section_header",
          "contentWidth": 750,
          "contentHeight": 103,
          "@class": "com.endeca.infront.cartridge.model.MediaObject"
      },
      "headlineLink": {
          "endeca:auditInfo": {
              "ecr:innerPath": "mobileContent[9]/mobileSlot[0]/headlineLink",
              "ecr:resourcePath": "/content/web browser/Home/Mobile Home Pages/PLEASE DON'T CHANGE- Heather week 38"
          }
      },
      "shortStrokeColor": "madformagenta",
      "sectionTag": "h3",
      "calloutTextColor": "digitalgray",
      "headline": "",
      "calloutText": "",
      "name": "Text",
      "shortStroke": false,
      "headlineColor": "orangepop",
      "subText": "",
      "subTextColor": "digitalgray",
      "subHeading": "\\ A playful eye on all things beauty \\",
      "bottomMargin": "1px",
      "sectionHeadlineAltText": "Ulta Beauty Mix",
      "topMargin": "0px",
      "sectionHeadingText": "",
      "sectionSubHeadLink": {
          "endeca:auditInfo": {
              "ecr:innerPath": "mobileContent[9]/mobileSlot[0]/sectionSubHeadLink",
              "ecr:resourcePath": "/content/web browser/Home/Mobile Home Pages/PLEASE DON'T CHANGE- Heather week 38"
          }
      },
      "@type": "MobileTextCartridge"
  }
]
