{
  "development": {
    "proxy": "http://localhost:3100/",
    "homepage": "http://uat.ulta.com/ui"
  },
  "SSR":{
    "local":{
      "API_HOST": "local.ulta.com",
      "PORT": 5080
    },  
    "ds1":{
      "API_HOST": "ds1.ulta.com",
      "PORT": 5081
    },
    "ds2":{
      "API_HOST": "ds2.ulta.com",
      "PORT": 5082
    },
    "ds3":{
      "API_HOST": "ds3.ulta.com",
      "PORT": 5083
    },
    "ds4":{
      "API_HOST": "ds4.ulta.com",
      "PORT": 5084
    },
    "ds5":{
      "API_HOST": "ds5.ulta.com",  
      "PORT": 5085
    },
    "ds6":{
      "API_HOST": "ds6.ulta.com",
      "PORT": 5086
    },
    "ds7":{
      "API_HOST": "ds7.ulta.com",  
      "PORT": 5087
    },
    "ds8":{
      "API_HOST": "ds8.ulta.com",  
      "PORT": 5088
    },
    "ds9":{
      "API_HOST": "ds9.ulta.com",
      "PORT": 5089
    },
    "da1":{
      "API_HOST": "da1.ulta.com",
      "PORT": 5080
    },
    "da2":{
      "API_HOST": "da2.ulta.com",
      "PORT": 5080
    },
    "da3":{
      "API_HOST": "da3.ulta.com",
      "PORT": 5080
    },
    "qa1":{
      "API_HOST": "qa1.ulta.com",
      "DT_AGENT_PATH": "/opt/dynatraceagent/agent/bin/any/onenodeloader.js",
      "DT_AGENT_NAME": "Ecom_NodeJS_qloc1-ulta",
      "DT_COLLECTOR": "https://dtcollector:8043",
      "PORT": 5080
    },
    "qa2":{
      "API_HOST": "qa2.ulta.com",
      "DT_AGENT_PATH": "/opt/dynatraceagent/agent/bin/any/onenodeloader.js",
      "DT_AGENT_NAME": "Ecom_NodeJS_qloc2-ulta",
      "DT_COLLECTOR": "https://dtcollector:8043",
      "PORT": 5080
    },
    "qa3":{
      "API_HOST": "qa3.ulta.com",
      "DT_AGENT_PATH": "/opt/dynatraceagent/agent/bin/any/onenodeloader.js",
      "DT_AGENT_NAME": "Ecom_NodeJS_qloc3-ulta",
      "DT_COLLECTOR": "https://dtcollector:8043",
      "PORT": 5080
    },
    "qa4":{
      "API_HOST": "qa4.ulta.com",
      "DT_AGENT_PATH": "/opt/dynatraceagent/agent/bin/any/onenodeloader.js",
      "DT_AGENT_NAME": "Ecom_NodeJS_qloc4-ulta",
      "DT_COLLECTOR": "https://dtcollector:8043",
      "PORT": 5080
    },
    "qa5":{
      "API_HOST": "qa5.ulta.com",
      "DT_AGENT_PATH": "/opt/dynatraceagent/agent/bin/any/onenodeloader.js",
      "DT_AGENT_NAME": "Ecom_NodeJS_qloc5-ulta",
      "DT_COLLECTOR": "https://dtcollector:8043",
      "PORT": 5080
    },
    "uat":{
      "API_HOST": "uat.ulta.com",
      "DT_AGENT_PATH": "/opt/dynatraceagent/agent/bin/any/onenodeloader.js",
      "DT_AGENT_NAME": "Ecom_NodeJS_uloc1-ulta",
      "DT_COLLECTOR": "https://dtcollector:8043",
      "PORT": 5080
    },
    "int":{
      "API_HOST": "int.ulta.com",
      "DT_AGENT_PATH": "/opt/dynatraceagent/agent/bin/any/onenodeloader.js",
      "DT_AGENT_NAME": "Ecom_NodeJS_iloc1-ulta",
      "DT_COLLECTOR": "https://dtcollector:8043",
      "PORT": 5080
    },
    "stress":{
      "API_HOST": "stress.ulta.com",
      "DT_AGENT_PATH": "/opt/dynatraceagent/agent/bin/any/onenodeloader.js",
      "DT_AGENT_NAME": "Ecom_NodeJS_slnj1-ulta",
      "DT_COLLECTOR": "https://dtcollector:8043",
      "PORT": 8080
    },
    "prod":{
      "API_HOST": "www.ulta.com",
      "DT_AGENT_PATH": "/opt/dynatraceagent/agent/bin/any/onenodeloader.js",
      "DT_AGENT_NAME": "Ecom_NodeJS_plnj1-ulta",
      "DT_COLLECTOR": "https://dtcollector:8043",
      "PORT": 8080
    }
  }
}
