{
  "mobileNavContent": {
    "navType": "LeftNav",
    "shippingPromoContent": null,
    "navList": [
      {
        "navDisplayContent": "SHOP BY BRAND&trade;",
        "navElementType": "rootCategory",
        "categories": [

        ],
        "categoryLink": {
          "showInNewPage": false,
          "navTargetLink": "http://local.ulta.com/global/nav/allbrands.jsp",
          "data-nav-description": "m - shop by brand",
          "linkText": ""
        },
        "fontColor": "mad-for-magenta-ada"
      },
      {
        "displayFeatured": "true",
        "flyout": [
          {
            "imageLink": {
              "showInNewPage": false,
              "navTargetLink": "http://local.ulta.com/ulta/a/_/Ntt-urbanbeyondlookingglass/Nty-1?Dy=1&ciSelector=searchResults",
              "linkText": "",
              "data-slot-position": "makeup_flyout_051516_makeup"
            },
            "navElementType": "subcategory",
            "navAttributes": "promoflyout",
            "imageAlt": "Alice in Wonderland Makeup",
            "imgSrc": "http://images.ulta.com/is/image/Ulta/flyout_051516_makeup"
          },
          {
            "imageLink": {
              "showInNewPage": false,
              "navTargetLink": "http://local.ulta.com/ulta/a/_/Ntt-urbanbeyondlookingglass/Nty-1?Dy=1&ciSelector=searchResults",
              "linkText": "",
              "data-slot-position": "makeup_flyout_051516_makeup"
            },
            "navElementType": "subcategory",
            "navAttributes": "promoflyout",
            "imageAlt": "Alice in Wonderland Makeup",
            "imgSrc": "http://images.ulta.com/is/image/Ulta/flyout_051516_makeup"
          }
        ],
        "navDisplayContent": "MAKEUP",
        "featuredDataNav": "makeup:featured",
        "displayBookAppt": "false",
        "navElementType": "rootCategory",
        "featuredLabel": "Featured",
        "categories": [
          {
            "navDisplayContent": "Face",
            "navTargetLink": "http://local.ulta.com/makeup-face?N=26y3",
            "navElementType": "subCategory",
            "categories": [
              {
                "navDisplayContent": "Foundation",
                "navTargetLink": "http://local.ulta.com/makeup-face-foundation?N=26y5",
                "navElementType": "subCategory",
                "dataNavDescription": "m - makeup:face:foundation"
              },
              {
                "navDisplayContent": "Powder",
                "navTargetLink": "http://local.ulta.com/makeup-face-powder?N=26y8",
                "navElementType": "subCategory",
                "dataNavDescription": "m - makeup:face:powder"
              },
              {
                "navDisplayContent": "Concealer",
                "navTargetLink": "http://local.ulta.com/makeup-face-concealer?N=26y6",
                "navElementType": "subCategory",
                "dataNavDescription": "m - makeup:face:concealer"
              },
              {
                "navDisplayContent": "BB & CC Creams",
                "navTargetLink": "http://local.ulta.com/makeup-face-bb-cc-creams?N=277u",
                "navElementType": "subCategory",
                "dataNavDescription": "m - makeup:face:bb & cc creams"
              },
              {
                "navDisplayContent": "Primer",
                "navTargetLink": "http://local.ulta.com/makeup-face-primer?N=26y4",
                "navElementType": "subCategory",
                "dataNavDescription": "m - makeup:face:primer"
              },
              {
                "navDisplayContent": "Blush",
                "navTargetLink": "http://local.ulta.com/makeup-face-blush?N=277v",
                "navElementType": "subCategory",
                "dataNavDescription": "m - makeup:face:blush"
              },
              {
                "navDisplayContent": "Bronzer & Highlighters",
                "navTargetLink": "http://local.ulta.com/makeup-face-bronzer?N=26y9",
                "navElementType": "subCategory",
                "dataNavDescription": "m - makeup:face:bronzer & highlighters"
              },
              {
                "navDisplayContent": "Shine Control",
                "navTargetLink": "http://local.ulta.com/makeup-face-shine-control?N=26yc",
                "navElementType": "subCategory",
                "dataNavDescription": "m - makeup:face:shine control"
              }
            ],
            "dataNavDescription": "m - makeup:face"
          },
          {
            "navDisplayContent": "Eyes",
            "navTargetLink": "http://local.ulta.com/makeup-eyes?N=26yd",
            "navElementType": "subCategory",
            "categories": [
              {
                "navDisplayContent": "Mascara",
                "navTargetLink": "http://local.ulta.com/makeup-eyes-mascara?N=26yg",
                "navElementType": "subCategory",
                "dataNavDescription": "m - makeup:eyes:mascara"
              },
              {
                "navDisplayContent": "Eye Liner",
                "navTargetLink": "http://local.ulta.com/makeup-eyes-eyeliner?N=26yh",
                "navElementType": "subCategory",
                "dataNavDescription": "m - makeup:eyes:eye liner"
              },
              {
                "navDisplayContent": "Eye Shadow",
                "navTargetLink": "http://local.ulta.com/makeup-eyes-eyeshadow?N=26yf",
                "navElementType": "subCategory",
                "dataNavDescription": "m - makeup:eyes:eye shadow"
              },
              {
                "navDisplayContent": "Eye Palettes",
                "navTargetLink": "http://local.ulta.com/makeup-eyes-eyeshadow-palettes?N=26ye",
                "navElementType": "subCategory",
                "dataNavDescription": "m - makeup:eyes:eye palettes"
              },
              {
                "navDisplayContent": "Primer",
                "navTargetLink": "http://local.ulta.com/makeup-eye-primer-base?N=26yl",
                "navElementType": "subCategory",
                "dataNavDescription": "m - makeup:eyes:primer"
              },
              {
                "navDisplayContent": "Brows",
                "navTargetLink": "http://local.ulta.com/makeup-eyes-eyebrows?N=26yi",
                "navElementType": "subCategory",
                "dataNavDescription": "m - makeup:eyes:brows"
              },
              {
                "navDisplayContent": "Eye Lashes",
                "navTargetLink": "http://local.ulta.com/makeup-eyes-eyelashes?N=26yj",
                "navElementType": "subCategory",
                "dataNavDescription": "m - makeup:eyes:eye lashes"
              },
              {
                "navDisplayContent": "Eye Makeup Remover",
                "navTargetLink": "http://local.ulta.com/makeup-eye-makeup-remover?N=26yk",
                "navElementType": "subCategory",
                "dataNavDescription": "m - makeup:eyes:eye makeup remover"
              }
            ],
            "dataNavDescription": "m - makeup:eyes"
          },
          {
            "navDisplayContent": "Lips",
            "navTargetLink": "http://local.ulta.com/makeup-lips?N=26yq",
            "navElementType": "subCategory",
            "categories": [
              {
                "navDisplayContent": "Lip Gloss",
                "navTargetLink": "http://local.ulta.com/makeup-lip-gloss?N=26yt",
                "navElementType": "subCategory",
                "dataNavDescription": "m - makeup:lips:lip gloss"
              },
              {
                "navDisplayContent": "Lipstick",
                "navTargetLink": "http://local.ulta.com/makeup-lips-lipstick?N=26ys",
                "navElementType": "subCategory",
                "dataNavDescription": "m - makeup:lips:lipstick"
              },
              {
                "navDisplayContent": "Lip Liner",
                "navTargetLink": "http://local.ulta.com/makeup-lip-liner?N=26yv",
                "navElementType": "subCategory",
                "dataNavDescription": "m - makeup:lips:lip liner"
              },
              {
                "navDisplayContent": "Lip Stain",
                "navTargetLink": "http://local.ulta.com/makeup-lip-stain?N=26yu",
                "navElementType": "subCategory",
                "dataNavDescription": "m - makeup:lips:lip stain"
              },
              {
                "navDisplayContent": "Treatments & Balms",
                "navTargetLink": "http://local.ulta.com/makeup-lips-treatments-balms?N=26yw",
                "navElementType": "subCategory",
                "dataNavDescription": "m - makeup:lips:treatments & balms"
              },
              {
                "navDisplayContent": "Sets & Palettes",
                "navTargetLink": "http://local.ulta.com/makeup-lips-sets-palettes?N=26yr",
                "navElementType": "subCategory",
                "dataNavDescription": "m - makeup:lips:sets & palettes"
              }
            ],
            "dataNavDescription": "m - makeup:lips"
          },
          {
            "navDisplayContent": "Brushes & Tools",
            "navTargetLink": "http://local.ulta.com/makeup-brushes-tools?N=26z6",
            "navElementType": "subCategory",
            "categories": [
              {
                "navDisplayContent": "Brush Sets",
                "navTargetLink": "http://local.ulta.com/tools-brushes-makeup-brushes-tools-brush-sets?N=pirv9i",
                "navElementType": "subCategory",
                "dataNavDescription": "m - brushes & tools:brush sets"
              },
              {
                "navDisplayContent": "Makeup Brushes",
                "navTargetLink": "http://local.ulta.com/tools-brushes-makeup-brushes-tools-makeup-brushes?N=f0d87t",
                "navElementType": "subCategory",
                "dataNavDescription": "m - brushes & tools:makeup brushes"
              },
              {
                "navDisplayContent": "Sponges & Applicators",
                "navTargetLink": "http://local.ulta.com/tools-brushes-makeup-brushes-tools-sponges-applicators?N=xrp8fu",
                "navElementType": "subCategory",
                "dataNavDescription": "m - brushes & tools:sponges & applicators"
              },
              {
                "navDisplayContent": "Brush Cleaner",
                "navTargetLink": "http://local.ulta.com/makeup-brushes-tools-brush-cleaner?N=26zb",
                "navElementType": "subCategory",
                "dataNavDescription": "m - makeup:brushes & tools:brush cleaner"
              },
              {
                "navDisplayContent": "Brow & Lash Tools",
                "navTargetLink": "http://local.ulta.com/makeup-brushes-tools-brow-lash-tools?N=277q",
                "navElementType": "subCategory",
                "dataNavDescription": "m - makeup:brushes & tools:brow & lash tools"
              },
              {
                "navDisplayContent": "Mirrors",
                "navTargetLink": "http://local.ulta.com/tools-brushes-makeup-brushes-tools-mirrors?N=4v0d6h",
                "navElementType": "subCategory",
                "dataNavDescription": "m - brushes & tools:mirrors"
              },
              {
                "navDisplayContent": "Sharpeners",
                "navTargetLink": "http://local.ulta.com/tools-brushes-makeup-brushes-tools-sharpeners?N=1m1d9n",
                "navElementType": "subCategory",
                "dataNavDescription": "m - brushes & tools:sharpeners"
              }
            ],
            "dataNavDescription": "m - makeup:brushes & tools"
          },
          {
            "navDisplayContent": "Removers",
            "navTargetLink": "http://local.ulta.com/skin-care-cleansers-makeup-remover?N=qdhcdy",
            "navElementType": "subCategory",
            "dataNavDescription": "m - skin:cleansers:removers"
          },
          {
            "navDisplayContent": "Bags & Cases",
            "navTargetLink": "http://local.ulta.com/makeup-bags-cases?N=26zp",
            "navElementType": "subCategory",
            "dataNavDescription": "m - makeup:bags & cases"
          },
          {
            "navDisplayContent": "Travel",
            "navTargetLink": "http://local.ulta.com/makeup-travel-size?N=2782",
            "navElementType": "subCategory",
            "dataNavDescription": "m - makeup:travel"
          },
          {
            "navDisplayContent": "Sets",
            "navTargetLink": "http://local.ulta.com/makeup-gifts-value-sets?N=26zo",
            "navElementType": "subCategory",
            "dataNavDescription": "m - makeup:sets"
          },
          {
            "navDisplayContent": "ULTA Collection",
            "navTargetLink": "http://local.ulta.com/makeup-ulta-collection?N=26zi",
            "navElementType": "subCategory",
            "dataNavDescription": "m - makeup:ulta collection"
          },
          {
            "navDisplayContent": "Makeup Gifts",
            "navTargetLink": "http://local.ulta.com/makeup-gifts?N=276x",
            "navElementType": "subCategory",
            "dataNavDescription": "m - gifts:makeup gifts"
          }
        ],
        "categoryLink": {
          "showInNewPage": false,
          "navTargetLink": "http://local.ulta.com/makeup?N=26y1",
          "data-nav-description": "m - makeup",
          "linkText": ""
        },
        "fontColor": "nav-menu-style-black"
      },
      {
        "displayFeatured": "true",
        "flyout": [
          {
            "imageLink": {
              "showInNewPage": false,
              "navTargetLink": "http://local.ulta.com/ulta/a/_/Ntt-opi%20alice/Nty-1?Dy=1&ciSelector=searchResults",
              "linkText": "",
              "data-slot-position": "nails_flyout_051516_nails"
            },
            "navElementType": "subcategory",
            "navAttributes": "promoflyout",
            "imageAlt": "",
            "imgSrc": "http://images.ulta.com/is/image/Ulta/flyout_051516_nails"
          }
        ],
        "navDisplayContent": "NAILS",
        "featuredDataNav": "nails:featured",
        "displayBookAppt": "false",
        "navElementType": "rootCategory",
        "featuredLabel": "Featured",
        "categories": [
          {
            "navDisplayContent": "Nail Polish",
            "navTargetLink": "http://local.ulta.com/nail-polish?N=278s",
            "navElementType": "subCategory",
            "dataNavDescription": "m - nails:nail polish"
          },
          {
            "navDisplayContent": "Luxury Nail",
            "navElementType": "subCategory",
            "dataNavDescription": "m - :luxury nail"
          },
          {
            "navDisplayContent": "Gel Manicure",
            "navTargetLink": "http://local.ulta.com/nails-gel-manicure?N=278j",
            "navElementType": "subCategory",
            "dataNavDescription": "m - nails:gel manicure"
          },
          {
            "navDisplayContent": "Nail Appliques",
            "navTargetLink": "http://local.ulta.com/nail-art-design?N=27br",
            "navElementType": "subCategory",
            "dataNavDescription": "m - nails:nail appliques"
          },
          {
            "navDisplayContent": "Nail Care",
            "navTargetLink": "http://local.ulta.com/nail-care?N=27bs",
            "navElementType": "subCategory",
            "categories": [
              {
                "navDisplayContent": "Removers",
                "navTargetLink": "http://local.ulta.com/nail-care-removers?N=27bt",
                "navElementType": "subCategory",
                "dataNavDescription": "m - nails:nail care:removers"
              },
              {
                "navDisplayContent": "Top & Base Coats",
                "navTargetLink": "http://local.ulta.com/nails-top-base-coats?N=tlosjb",
                "navElementType": "subCategory",
                "dataNavDescription": "m - nails:top & base coats"
              },
              {
                "navDisplayContent": "Cuticle Care",
                "navTargetLink": "http://local.ulta.com/nail-care-cuticle-care?N=27bv",
                "navElementType": "subCategory",
                "dataNavDescription": "m - nails:nail care:cuticle care"
              },
              {
                "navDisplayContent": "Treatments",
                "navTargetLink": "http://local.ulta.com/nail-care-nail-treatments?N=27bw",
                "navElementType": "subCategory",
                "dataNavDescription": "m - nails:nail care:treatments"
              }
            ],
            "dataNavDescription": "m - nails:nail care"
          },
          {
            "navDisplayContent": "Tools",
            "navElementType": "subCategory",
            "categories": [
              {
                "navDisplayContent": "Clippers",
                "navElementType": "subCategory",
                "dataNavDescription": "m - :clippers"
              },
              {
                "navDisplayContent": "Files",
                "navElementType": "subCategory",
                "dataNavDescription": "m - :files"
              },
              {
                "navDisplayContent": "LED Lights",
                "navElementType": "subCategory",
                "dataNavDescription": "m - :led lights"
              }
            ],
            "dataNavDescription": "m - :tools"
          },
          {
            "navDisplayContent": "Nail Sets",
            "navTargetLink": "http://local.ulta.com/nails-gifts-value-sets?N=27c1",
            "navElementType": "subCategory",
            "categories": [
              {
                "navDisplayContent": "Nail Polish",
                "navElementType": "subCategory",
                "dataNavDescription": "m - :nail polish"
              },
              {
                "navDisplayContent": "Manicure & Pedicure",
                "navElementType": "subCategory",
                "dataNavDescription": "m - :manicure & pedicure"
              }
            ],
            "dataNavDescription": "m - nails:nail sets"
          },
          {
            "navDisplayContent": "ULTA Collection",
            "navTargetLink": "http://local.ulta.com/nails-ulta-collection?N=27c5",
            "navElementType": "subCategory",
            "dataNavDescription": "m - nails:ulta collection"
          },
          {
            "navDisplayContent": "Nail Gifts",
            "navTargetLink": "http://local.ulta.com/nail-gifts?N=27df",
            "navElementType": "subCategory",
            "dataNavDescription": "m - gifts:nail gifts"
          }
        ],
        "categoryLink": {
          "showInNewPage": false,
          "navTargetLink": "http://local.ulta.com/nails?N=271o",
          "data-nav-description": "m - nails",
          "linkText": ""
        },
        "fontColor": "nav-menu-style-black"
      },
      {
        "displayFeatured": "true",
        "flyout": [
          {
            "imageLink": {
              "showInNewPage": false,
              "navTargetLink": "http://local.ulta.com/ulta/promotion/buy-more-save-more/detail/0000144783",
              "linkText": "",
              "data-slot-position": "skin care_flyout_051516_skin"
            },
            "navElementType": "subcategory",
            "navAttributes": "promoflyout",
            "imageAlt": "",
            "imgSrc": "http://images.ulta.com/is/image/Ulta/flyout_051516_skin"
          }
        ],
        "navDisplayContent": "SKIN CARE",
        "featuredDataNav": "skin care:featured",
        "displayBookAppt": "false",
        "navElementType": "rootCategory",
        "featuredLabel": "Featured",
        "categories": [
          {
            "navDisplayContent": "Cleansers",
            "navTargetLink": "http://local.ulta.com/skin-care-cleansers?N=2794",
            "navElementType": "subCategory",
            "dataNavDescription": "m - skin:cleansers"
          },
          {
            "navDisplayContent": "Moisturizers",
            "navTargetLink": "http://local.ulta.com/skin-care-moisturizers?N=2796",
            "navElementType": "subCategory",
            "dataNavDescription": "m - skin:moisturizers"
          },
          {
            "navDisplayContent": "Treatment & Serums",
            "navTargetLink": "http://local.ulta.com/skin-care-treatment-serums?N=27cs",
            "navElementType": "subCategory",
            "dataNavDescription": "m - skin:treatment & serums"
          },
          {
            "navDisplayContent": "Exfoliators & Masks",
            "navElementType": "subCategory",
            "dataNavDescription": "m - :exfoliators & masks"
          },
          {
            "navDisplayContent": "Toner",
            "navTargetLink": "http://local.ulta.com/skin-care-cleansers-toner?N=1av5me6",
            "navElementType": "subCategory",
            "dataNavDescription": "m - skin:cleansers:toner"
          },
          {
            "navDisplayContent": "Eye Care",
            "navTargetLink": "http://local.ulta.com/skin-care-eye-treatments?N=270k",
            "navElementType": "subCategory",
            "dataNavDescription": "m - skin:eye care"
          },
          {
            "navDisplayContent": "Lip Care",
            "navTargetLink": "http://local.ulta.com/skin-care-moisturizers-lip-care?N=3z55rb",
            "navElementType": "subCategory",
            "dataNavDescription": "m - skin:moisturizers:lip care"
          },
          {
            "navDisplayContent": "Suncare",
            "navTargetLink": "http://local.ulta.com/bath-body-suncare?N=276b",
            "navElementType": "subCategory",
            "dataNavDescription": "m - bath & body:suncare"
          },
          {
            "navDisplayContent": "Body & Hand Care",
            "navElementType": "subCategory",
            "dataNavDescription": "m - :body & hand care"
          },
          {
            "navDisplayContent": "Supplements",
            "navTargetLink": "http://local.ulta.com/skin-care-supplements?N=2712",
            "navElementType": "subCategory",
            "dataNavDescription": "m - skin:supplements"
          },
          {
            "navDisplayContent": "Mother & Baby",
            "navTargetLink": "http://local.ulta.com/skin-care-mother-baby?N=2715",
            "navElementType": "subCategory",
            "categories": [
              {
                "navDisplayContent": "Baby/Child",
                "navElementType": "subCategory",
                "dataNavDescription": "m - :baby/child"
              },
              {
                "navDisplayContent": "Post-Partum",
                "navElementType": "subCategory",
                "dataNavDescription": "m - :post-partum"
              },
              {
                "navDisplayContent": "Pregnancy",
                "navElementType": "subCategory",
                "dataNavDescription": "m - :pregnancy"
              }
            ],
            "dataNavDescription": "m - skin:mother & baby"
          },
          {
            "navDisplayContent": "Tools",
            "navTargetLink": "http://local.ulta.com/skin-care-tools?N=2718",
            "navElementType": "subCategory",
            "dataNavDescription": "m - skin:tools"
          },
          {
            "navDisplayContent": "ULTA Collection",
            "navTargetLink": "http://local.ulta.com/skin-care-ulta-collection?N=2713",
            "navElementType": "subCategory",
            "dataNavDescription": "m - skin:ulta collection"
          },
          {
            "navDisplayContent": "Travel",
            "navTargetLink": "http://local.ulta.com/skin-care-travel-size?N=279d",
            "navElementType": "subCategory",
            "dataNavDescription": "m - skin:travel"
          },
          {
            "navDisplayContent": "Sets",
            "navTargetLink": "http://local.ulta.com/skin-care-gifts-value-sets?N=2717",
            "navElementType": "subCategory",
            "dataNavDescription": "m - skin:sets"
          },
          {
            "navDisplayContent": "Skin Gifts",
            "navTargetLink": "http://local.ulta.com/skin-gifts?N=27cd",
            "navElementType": "subCategory",
            "dataNavDescription": "m - gifts:skin gifts"
          }
        ],
        "categoryLink": {
          "showInNewPage": false,
          "navTargetLink": "http://local.ulta.com/skin-care?N=2707",
          "data-nav-description": "m - skin care",
          "linkText": ""
        },
        "fontColor": "nav-menu-style-black"
      },
      {
        "displayFeatured": "true",
        "flyout": [
          {
            "imageLink": {
              "showInNewPage": false,
              "navTargetLink": "http://www.ulta.com/brand/drybar",
              "linkText": "",
              "data-slot-position": "hair_flyout_051516_hair"
            },
            "navElementType": "subcategory",
            "navAttributes": "promoflyout",
            "imageAlt": "",
            "imgSrc": "http://images.ulta.com/is/image/Ulta/flyout_051516_hair"
          }
        ],
        "navDisplayContent": "HAIR",
        "featuredDataNav": "hair:featured",
        "displayBookAppt": "false",
        "navElementType": "rootCategory",
        "featuredLabel": "Featured",
        "categories": [
          {
            "navDisplayContent": "Salon Professional",
            "navElementType": "subCategory",
            "categories": [
              {
                "navDisplayContent": "Shampoo",
                "navElementType": "subCategory",
                "dataNavDescription": "m - :shampoo"
              },
              {
                "navDisplayContent": "Dry Shampoo",
                "navElementType": "subCategory",
                "dataNavDescription": "m - :dry shampoo"
              },
              {
                "navDisplayContent": "Conditioner",
                "navElementType": "subCategory",
                "dataNavDescription": "m - :conditioner"
              },
              {
                "navDisplayContent": "Treatment",
                "navElementType": "subCategory",
                "dataNavDescription": "m - :treatment"
              },
              {
                "navDisplayContent": "Styling Products",
                "navElementType": "subCategory",
                "dataNavDescription": "m - :styling products"
              },
              {
                "navDisplayContent": "Travel",
                "navElementType": "subCategory",
                "dataNavDescription": "m - :travel"
              },
              {
                "navDisplayContent": "Sets",
                "navElementType": "subCategory",
                "dataNavDescription": "m - :sets"
              }
            ],
            "dataNavDescription": "m - :salon professional"
          },
          {
            "navDisplayContent": "Shampoo",
            "navTargetLink": "http://local.ulta.com/hair-shampoo-conditioner-shampoo?N=1qmzdd9",
            "navElementType": "subCategory",
            "dataNavDescription": "m - hair:shampoo"
          },
          {
            "navDisplayContent": "Dry Shampoo",
            "navTargetLink": "http://local.ulta.com/hair-shampoo-conditioner-dry-shampoo?N=fhgjmc",
            "navElementType": "subCategory",
            "dataNavDescription": "m - hair:dry shampoo"
          },
          {
            "navDisplayContent": "Conditioner",
            "navTargetLink": "http://local.ulta.com/hair-shampoo-conditioner-conditioner?N=777rbk",
            "navElementType": "subCategory",
            "dataNavDescription": "m - hair:conditioner"
          },
          {
            "navDisplayContent": "Treatment",
            "navTargetLink": "http://local.ulta.com/hair-treatment?N=26xy",
            "navElementType": "subCategory",
            "dataNavDescription": "m - hair:treatment"
          },
          {
            "navDisplayContent": "Styling Products",
            "navTargetLink": "http://local.ulta.com/hair-styling-products?N=26xf",
            "navElementType": "subCategory",
            "dataNavDescription": "m - hair:styling products"
          },
          {
            "navDisplayContent": "Hair Color",
            "navTargetLink": "http://local.ulta.com/hair-color?N=26xs",
            "navElementType": "subCategory",
            "dataNavDescription": "m - hair:hair color"
          },
          {
            "navDisplayContent": "Hair Styling Tools",
            "navTargetLink": "http://local.ulta.com/tools-brushes-hair-styling-tools?N=1ap8h",
            "navElementType": "subCategory",
            "categories": [
              {
                "navDisplayContent": "Dryers",
                "navTargetLink": "http://local.ulta.com/tools-brushes-hair-styling-tools-hair-dryers?N=cnai0z",
                "navElementType": "subCategory",
                "dataNavDescription": "m - hair styling tools:dryers"
              },
              {
                "navDisplayContent": "Flat Irons",
                "navTargetLink": "http://local.ulta.com/tools-brushes-hair-styling-tools-flat-irons?N=vp8jiu",
                "navElementType": "subCategory",
                "dataNavDescription": "m - hair styling tools:flat irons"
              },
              {
                "navDisplayContent": "Curling Irons",
                "navTargetLink": "http://local.ulta.com/hair-styling-tools-curling-irons-stylers?N=26xr",
                "navElementType": "subCategory",
                "dataNavDescription": "m - hair:hair styling tools:curling irons"
              },
              {
                "navDisplayContent": "Specialty Irons",
                "navElementType": "subCategory",
                "dataNavDescription": "m - :specialty irons"
              },
              {
                "navDisplayContent": "Hot Rollers",
                "navTargetLink": "http://local.ulta.com/hair-styling-tools-hot-rollers?N=277b",
                "navElementType": "subCategory",
                "dataNavDescription": "m - hair:hair styling tools:hot rollers"
              },
              {
                "navDisplayContent": "Hi-Tech Tools",
                "navElementType": "subCategory",
                "dataNavDescription": "m - :hi-tech tools"
              }
            ],
            "dataNavDescription": "m - :hair styling tools"
          },
          {
            "navDisplayContent": "Brushes & Combs",
            "navTargetLink": "http://local.ulta.com/tools-brushes-hair-brushes-combs?N=5kr17t",
            "navElementType": "subCategory",
            "dataNavDescription": "m - :brushes & combs"
          },
          {
            "navDisplayContent": "Accessories",
            "navTargetLink": "http://local.ulta.com/tools-brushes-accessories?N=gjt0yt",
            "navElementType": "subCategory",
            "categories": [
              {
                "navDisplayContent": "Hair Extensions",
                "navTargetLink": "http://local.ulta.com/hair-accessories-hair-extensions?N=2774",
                "navElementType": "subCategory",
                "dataNavDescription": "m - hair:accessories:hair extensions"
              },
              {
                "navDisplayContent": "Elastics",
                "navTargetLink": "http://local.ulta.com/hair-accessories-elastics?N=2773",
                "navElementType": "subCategory",
                "dataNavDescription": "m - hair:accessories:elastics"
              },
              {
                "navDisplayContent": "Headbands",
                "navTargetLink": "http://local.ulta.com/tools-brushes-accessories-headbands?N=ajpccl",
                "navElementType": "subCategory",
                "dataNavDescription": "m - accessories:headbands"
              },
              {
                "navDisplayContent": "Clips & Bobby Pins",
                "navTargetLink": "http://local.ulta.com/hair-accessories-clips-bobby-pins?N=2772",
                "navElementType": "subCategory",
                "dataNavDescription": "m - hair:accessories:clips & bobby pins"
              },
              {
                "navDisplayContent": "Styling Accessories",
                "navTargetLink": "http://local.ulta.com/hair-styling-accessories?N=2775",
                "navElementType": "subCategory",
                "dataNavDescription": "m - hair:accessories:styling accessories"
              }
            ],
            "dataNavDescription": "m - :accessories"
          },
          {
            "navDisplayContent": "Kid's Haircare",
            "navTargetLink": "http://local.ulta.com/hair-kids-haircare?N=26xz",
            "navElementType": "subCategory",
            "dataNavDescription": "m - hair:kid's haircare"
          },
          {
            "navDisplayContent": "ULTA Collection",
            "navTargetLink": "http://local.ulta.com/hair-ulta-collection?N=26xx",
            "navElementType": "subCategory",
            "dataNavDescription": "m - hair:ulta collection"
          },
          {
            "navDisplayContent": "Travel",
            "navTargetLink": "http://local.ulta.com/hair-travel-size?N=27ci",
            "navElementType": "subCategory",
            "dataNavDescription": "m - hair:travel"
          },
          {
            "navDisplayContent": "Sets",
            "navTargetLink": "http://local.ulta.com/hair-gifts-value-sets?N=277l",
            "navElementType": "subCategory",
            "dataNavDescription": "m - hair:sets"
          },
          {
            "navDisplayContent": "Hair Gifts",
            "navTargetLink": "http://local.ulta.com/hair-gifts?N=276w",
            "navElementType": "subCategory",
            "dataNavDescription": "m - gifts:hair gifts"
          }
        ],
        "categoryLink": {
          "showInNewPage": false,
          "navTargetLink": "http://local.ulta.com/hair?N=26wz",
          "data-nav-description": "m - hair",
          "linkText": ""
        },
        "fontColor": "nav-menu-style-black"
      },
      {
        "displayFeatured": "true",
        "flyout": [
          {
            "imageLink": {
              "showInNewPage": false,
              "navTargetLink": "http://local.ulta.com/ulta/browse/productDetail.jsp?productId=xlsImpprod13991029&skuId=2500011&_requestid=950457",
              "linkText": "",
              "data-slot-position": "fragrance_flyout_051516_fragrance"
            },
            "navElementType": "subcategory",
            "navAttributes": "promoflyout",
            "imageAlt": "",
            "imgSrc": "http://images.ulta.com/is/image/Ulta/flyout_051516_fragrance"
          }
        ],
        "navDisplayContent": "FRAGRANCE",
        "featuredDataNav": "fragrance:featured",
        "displayBookAppt": "false",
        "navElementType": "rootCategory",
        "featuredLabel": "Featured",
        "categories": [
          {
            "navDisplayContent": "Women's Fragrance",
            "navTargetLink": "http://local.ulta.com/womens-fragrance?N=26wn",
            "navElementType": "subCategory",
            "categories": [
              {
                "navDisplayContent": "Perfume",
                "navTargetLink": "http://local.ulta.com/womens-fragrance-perfume?N=26wq",
                "navElementType": "subCategory",
                "dataNavDescription": "m - fragrance:women's fragrance:perfume"
              },
              {
                "navDisplayContent": "Rollerballs & Purse Sprays",
                "navTargetLink": "http://local.ulta.com/womens-fragrance-rollerballs-purse-sprays?N=26wo",
                "navElementType": "subCategory",
                "dataNavDescription": "m - fragrance:women's fragrance:rollerballs & purse sprays"
              },
              {
                "navDisplayContent": "Lotion & Gel",
                "navTargetLink": "http://local.ulta.com/womens-fragrance-body-lotions?N=26ws",
                "navElementType": "subCategory",
                "dataNavDescription": "m - fragrance:women's fragrance:lotion & gel"
              },
              {
                "navDisplayContent": "Mist",
                "navTargetLink": "http://local.ulta.com/womens-fragrance-body-mist-hair-mist?N=26wr",
                "navElementType": "subCategory",
                "dataNavDescription": "m - fragrance:women's fragrance:mist"
              },
              {
                "navDisplayContent": "Deodorant",
                "navElementType": "subCategory",
                "dataNavDescription": "m - :deodorant"
              },
              {
                "navDisplayContent": "Shower Gel",
                "navElementType": "subCategory",
                "dataNavDescription": "m - :shower gel"
              },
              {
                "navDisplayContent": "Powder",
                "navElementType": "subCategory",
                "dataNavDescription": "m - :powder"
              }
            ],
            "dataNavDescription": "m - fragrance:women's fragrance"
          },
          {
            "navDisplayContent": "Men's Fragrance",
            "navTargetLink": "http://local.ulta.com/mens-fragrance?N=26wf",
            "navElementType": "subCategory",
            "categories": [
              {
                "navDisplayContent": "Cologne",
                "navTargetLink": "http://local.ulta.com/mens-fragrance-cologne?N=26wg",
                "navElementType": "subCategory",
                "dataNavDescription": "m - fragrance:men's fragrance:cologne"
              },
              {
                "navDisplayContent": "Aftershave",
                "navTargetLink": "http://local.ulta.com/mens-fragrance-aftershave?N=26wi",
                "navElementType": "subCategory",
                "dataNavDescription": "m - fragrance:men's fragrance:aftershave"
              },
              {
                "navDisplayContent": "Deodorant",
                "navElementType": "subCategory",
                "dataNavDescription": "m - :deodorant"
              },
              {
                "navDisplayContent": "Shower Gel",
                "navElementType": "subCategory",
                "dataNavDescription": "m - :shower gel"
              }
            ],
            "dataNavDescription": "m - fragrance:men's fragrance"
          },
          {
            "navDisplayContent": "Home",
            "navTargetLink": "http://local.ulta.com/fragrance-candles?N=26wb",
            "navElementType": "subCategory",
            "categories": [
              {
                "navDisplayContent": "Candles",
                "navElementType": "subCategory",
                "dataNavDescription": "m - :candles"
              },
              {
                "navDisplayContent": "Diffusers",
                "navElementType": "subCategory",
                "dataNavDescription": "m - :diffusers"
              }
            ],
            "dataNavDescription": "m - fragrance:home"
          },
          {
            "navDisplayContent": "Fragrance Gift Sets",
            "navTargetLink": "http://local.ulta.com/fragrance-gift-sets?N=27dg",
            "navElementType": "subCategory",
            "dataNavDescription": "m - gifts:fragrance gift sets"
          }
        ],
        "categoryLink": {
          "showInNewPage": false,
          "navTargetLink": "http://local.ulta.com/fragrance?N=26wa",
          "data-nav-description": "m - fragrance",
          "linkText": ""
        },
        "fontColor": "nav-menu-style-black"
      },
      {
        "displayFeatured": "true",
        "flyout": [
          {
            "imageLink": {
              "showInNewPage": false,
              "navTargetLink": "http://local.ulta.com/ulta/promotion/buy-more-save-more/detail/0000144791",
              "linkText": "",
              "data-slot-position": "bath & body_flyout_051516_bath"
            },
            "navElementType": "subcategory",
            "navAttributes": "promoflyout",
            "imageAlt": "",
            "imgSrc": "http://images.ulta.com/is/image/Ulta/flyout_051516_bath"
          }
        ],
        "navDisplayContent": "BATH & BODY",
        "featuredDataNav": "bath & body:featured",
        "displayBookAppt": "false",
        "navElementType": "rootCategory",
        "featuredLabel": "Featured",
        "categories": [
          {
            "navDisplayContent": "Cleansers",
            "navTargetLink": "http://local.ulta.com/bath-body-bath-shower?N=26uy",
            "navElementType": "subCategory",
            "categories": [
              {
                "navDisplayContent": "Scrubs & Exfoliants",
                "navTargetLink": "http://local.ulta.com/bath-body-bath-shower-body-scrubs-exfoliants?N=2765",
                "navElementType": "subCategory",
                "dataNavDescription": "m - bath & body:cleansers:scrubs & exfoliants"
              },
              {
                "navDisplayContent": "Shower Gel",
                "navTargetLink": "http://local.ulta.com/bath-body-bath-shower-shower-gel-body-wash?N=26uz",
                "navElementType": "subCategory",
                "dataNavDescription": "m - bath & body:cleansers:shower gel"
              },
              {
                "navDisplayContent": "Soap",
                "navTargetLink": "http://local.ulta.com/bath-body-bath-shower-hand-soap-wash?N=26v1",
                "navElementType": "subCategory",
                "dataNavDescription": "m - bath & body:cleansers:soap"
              }
            ],
            "dataNavDescription": "m - bath & body:cleansers"
          },
          {
            "navDisplayContent": "Moisturizers",
            "navTargetLink": "http://local.ulta.com/bath-body-body-moisturizers?N=26v3",
            "navElementType": "subCategory",
            "categories": [
              {
                "navDisplayContent": "Butters & Creams",
                "navElementType": "subCategory",
                "dataNavDescription": "m - :butters & creams"
              },
              {
                "navDisplayContent": "Lotion",
                "navTargetLink": "http://local.ulta.com/bath-body-body-moisturizers-body-lotion-creams?N=26v4",
                "navElementType": "subCategory",
                "dataNavDescription": "m - bath & body:moisturizers:lotion"
              },
              {
                "navDisplayContent": "Oils",
                "navTargetLink": "http://local.ulta.com/bath-body-body-moisturizers-body-oils?N=26v6",
                "navElementType": "subCategory",
                "dataNavDescription": "m - bath & body:moisturizers:oils"
              }
            ],
            "dataNavDescription": "m - bath & body:moisturizers"
          },
          {
            "navDisplayContent": "Treatment",
            "navTargetLink": "http://local.ulta.com/bath-body-hand-foot-care-hand-foot-treatment?N=bcmkzy",
            "navElementType": "subCategory",
            "dataNavDescription": "m - bath & body:treatment"
          },
          {
            "navDisplayContent": "Hair Removal",
            "navTargetLink": "http://local.ulta.com/bath-body-personal-care-hair-removal?N=1scu0rl",
            "navElementType": "subCategory",
            "categories": [
              {
                "navDisplayContent": "Cream",
                "navElementType": "subCategory",
                "dataNavDescription": "m - :cream"
              },
              {
                "navDisplayContent": "Shave",
                "navElementType": "subCategory",
                "dataNavDescription": "m - :shave"
              },
              {
                "navDisplayContent": "Wax",
                "navElementType": "subCategory",
                "dataNavDescription": "m - :wax"
              }
            ],
            "dataNavDescription": "m - bath & body:hair removal"
          },
          {
            "navDisplayContent": "Bath & Spa",
            "navElementType": "subCategory",
            "categories": [
              {
                "navDisplayContent": "Bubble Bath & Oil",
                "navTargetLink": "http://local.ulta.com/bath-body-bath-shower-bubble-bath-oil?N=4lxx40",
                "navElementType": "subCategory",
                "dataNavDescription": "m - bath & body:cleansers:bubble bath & oil"
              },
              {
                "navDisplayContent": "Salts",
                "navTargetLink": "http://local.ulta.com/bath-body-bath-shower-bath-salts-soaks?N=1japlwn",
                "navElementType": "subCategory",
                "dataNavDescription": "m - bath & body:cleansers:salts"
              },
              {
                "navDisplayContent": "Spa Essentials",
                "navTargetLink": "http://local.ulta.com/bath-body-accessories-spa-essentials?N=1dy6oep",
                "navElementType": "subCategory",
                "dataNavDescription": "m - bath & body:spa essentials"
              }
            ],
            "dataNavDescription": "m - :bath & spa"
          },
          {
            "navDisplayContent": "Suncare",
            "navTargetLink": "http://local.ulta.com/bath-body-suncare?N=276b",
            "navElementType": "subCategory",
            "dataNavDescription": "m - bath & body:suncare"
          },
          {
            "navDisplayContent": "Self Tanning",
            "navTargetLink": "http://local.ulta.com/bath-body-suncare-self-tanning-bronzing?N=276e",
            "navElementType": "subCategory",
            "dataNavDescription": "m - bath & body:suncare:self tanning"
          },
          {
            "navDisplayContent": "Teeth Whitening",
            "navTargetLink": "http://local.ulta.com/bath-body-personal-care-teeth-whitening?N=1d1vd9e",
            "navElementType": "subCategory",
            "dataNavDescription": "m - bath & body:teeth whitening"
          },
          {
            "navDisplayContent": "Tools & Accessories",
            "navElementType": "subCategory",
            "dataNavDescription": "m - :tools & accessories"
          },
          {
            "navDisplayContent": "ULTA Collection",
            "navTargetLink": "http://local.ulta.com/bath-body-ulta-collection?N=26vk",
            "navElementType": "subCategory",
            "dataNavDescription": "m - bath & body:ulta collection"
          },
          {
            "navDisplayContent": "Travel",
            "navTargetLink": "http://local.ulta.com/bath-body-travel-size?N=276l",
            "navElementType": "subCategory",
            "dataNavDescription": "m - bath & body:travel"
          },
          {
            "navDisplayContent": "Sets",
            "navTargetLink": "http://local.ulta.com/bath-body-gifts-value-sets?N=26vq",
            "navElementType": "subCategory",
            "dataNavDescription": "m - bath & body:sets"
          },
          {
            "navDisplayContent": "Bath & Body Gifts",
            "navTargetLink": "http://local.ulta.com/bath-body-gifts?N=27dh",
            "navElementType": "subCategory",
            "dataNavDescription": "m - gifts:bath & body gifts"
          }
        ],
        "categoryLink": {
          "showInNewPage": false,
          "navTargetLink": "http://local.ulta.com/bath-body?N=26us",
          "data-nav-description": "m - bath & body",
          "linkText": ""
        },
        "fontColor": "nav-menu-style-black"
      },
      {
        "displayFeatured": "true",
        "flyout": [
          {
            "imageLink": {
              "showInNewPage": false,
              "navTargetLink": "http://local.ulta.com/ulta/a/_/Ntt-wk16mancaveshowergel/Nty-1?Dy=1&ciSelector=searchResults",
              "linkText": "",
              "data-slot-position": "men_flyout_051516_men"
            },
            "navElementType": "subcategory",
            "navAttributes": "promoflyout",
            "imageAlt": "",
            "imgSrc": "http://images.ulta.com/is/image/Ulta/flyout_051516_men"
          }
        ],
        "navDisplayContent": "MEN",
        "featuredDataNav": "men:featured",
        "displayBookAppt": "false",
        "navElementType": "rootCategory",
        "featuredLabel": "Featured",
        "categories": [
          {
            "navDisplayContent": "Skin Care",
            "navTargetLink": "http://local.ulta.com/men-skin-care?N=27ck",
            "navElementType": "subCategory",
            "categories": [
              {
                "navDisplayContent": "Cleansers",
                "navTargetLink": "http://local.ulta.com/men-skin-care-cleansers?N=27cl",
                "navElementType": "subCategory",
                "dataNavDescription": "m - men:skin care:cleansers"
              },
              {
                "navDisplayContent": "Moisturizers",
                "navTargetLink": "http://local.ulta.com/men-skin-care-moisturizers?N=27cm",
                "navElementType": "subCategory",
                "dataNavDescription": "m - men:skin care:moisturizers"
              },
              {
                "navDisplayContent": "Shaving & Grooming",
                "navTargetLink": "http://local.ulta.com/men-skin-care-shaving-grooming?N=27cn",
                "navElementType": "subCategory",
                "dataNavDescription": "m - men:skin care:shaving & grooming"
              },
              {
                "navDisplayContent": "Facial Treatments",
                "navTargetLink": "http://local.ulta.com/men-skin-care-facial-treatments?N=27c3",
                "navElementType": "subCategory",
                "dataNavDescription": "m - men:skin care:facial treatments"
              }
            ],
            "dataNavDescription": "m - men:skin care"
          },
          {
            "navDisplayContent": "Men's Fragrance",
            "navTargetLink": "http://local.ulta.com/mens-fragrance?N=27d8",
            "navElementType": "subCategory",
            "categories": [
              {
                "navDisplayContent": "Cologne",
                "navTargetLink": "http://local.ulta.com/mens-fragrance-cologne?N=27d9",
                "navElementType": "subCategory",
                "dataNavDescription": "m - men:men's fragrance:cologne"
              },
              {
                "navDisplayContent": "Aftershave",
                "navTargetLink": "http://local.ulta.com/mens-fragrance-aftershave?N=27da",
                "navElementType": "subCategory",
                "dataNavDescription": "m - men:men's fragrance:aftershave"
              },
              {
                "navDisplayContent": "Deodorant",
                "navTargetLink": "http://local.ulta.com/mens-fragrance-deodorant?N=27db",
                "navElementType": "subCategory",
                "dataNavDescription": "m - men:men's fragrance:deodorant"
              },
              {
                "navDisplayContent": "Shower Gel",
                "navTargetLink": "http://local.ulta.com/mens-fragrance-shower-gel?N=27dc",
                "navElementType": "subCategory",
                "dataNavDescription": "m - men:men's fragrance:shower gel"
              }
            ],
            "dataNavDescription": "m - men:men's fragrance"
          },
          {
            "navDisplayContent": "Haircare",
            "navTargetLink": "http://local.ulta.com/men-haircare?N=26zv",
            "navElementType": "subCategory",
            "categories": [
              {
                "navDisplayContent": "Shampoo",
                "navTargetLink": "http://local.ulta.com/men-haircare-shampoo?N=26zw",
                "navElementType": "subCategory",
                "dataNavDescription": "m - men:haircare:shampoo"
              },
              {
                "navDisplayContent": "Conditioner",
                "navTargetLink": "http://local.ulta.com/men-haircare-conditioner?N=26zx",
                "navElementType": "subCategory",
                "dataNavDescription": "m - men:haircare:conditioner"
              },
              {
                "navDisplayContent": "Styling",
                "navTargetLink": "http://local.ulta.com/men-haircare-styling?N=26zy",
                "navElementType": "subCategory",
                "dataNavDescription": "m - men:haircare:styling"
              }
            ],
            "dataNavDescription": "m - men:haircare"
          },
          {
            "navDisplayContent": "ULTA Collection",
            "navElementType": "subCategory",
            "dataNavDescription": "m - :ulta collection"
          },
          {
            "navDisplayContent": "Travel",
            "navTargetLink": "http://local.ulta.com/men-travel-size?N=27cp",
            "navElementType": "subCategory",
            "dataNavDescription": "m - men:travel"
          },
          {
            "navDisplayContent": "Sets",
            "navTargetLink": "http://local.ulta.com/men-gifts-value-sets?N=27cq",
            "navElementType": "subCategory",
            "dataNavDescription": "m - men:sets"
          }
        ],
        "categoryLink": {
          "showInNewPage": false,
          "navTargetLink": "http://local.ulta.com/men?N=26zq",
          "data-nav-description": "m - men",
          "linkText": ""
        },
        "fontColor": "nav-menu-style-black"
      },
      {
        "displayFeatured": "true",
        "flyout": [
          {
            "imageLink": {
              "showInNewPage": false,
              "navTargetLink": "http://local.ulta.com/ulta/promotion/gift-with-purchase/detail/0000144669",
              "linkText": "",
              "data-slot-position": "ulta collection_flyout_051516_ulta"
            },
            "navElementType": "subcategory",
            "navAttributes": "promoflyout",
            "imageAlt": "",
            "imgSrc": "http://images.ulta.com/is/image/Ulta/flyout_051516_ulta"
          }
        ],
        "navDisplayContent": "ULTA COLLECTION",
        "featuredDataNav": "ulta collection:featured",
        "displayBookAppt": "false",
        "navElementType": "rootCategory",
        "featuredLabel": "Featured",
        "categories": [
          {
            "navDisplayContent": "Makeup by ULTA",
            "navTargetLink": "http://local.ulta.com/ulta-collection-makeup?N=26vs",
            "navElementType": "subCategory",
            "categories": [
              {
                "navDisplayContent": "Face",
                "navTargetLink": "http://local.ulta.com/ulta-collection-makeup-face?N=26vv",
                "navElementType": "subCategory",
                "dataNavDescription": "m - ulta collection:makeup by ulta:face"
              },
              {
                "navDisplayContent": "Eyes",
                "navTargetLink": "http://local.ulta.com/ulta-collection-makeup-eyes?N=26vt",
                "navElementType": "subCategory",
                "dataNavDescription": "m - ulta collection:makeup by ulta:eyes"
              },
              {
                "navDisplayContent": "Lips",
                "navTargetLink": "http://local.ulta.com/ulta-collection-makeup-lips?N=26vu",
                "navElementType": "subCategory",
                "dataNavDescription": "m - ulta collection:makeup by ulta:lips"
              },
              {
                "navDisplayContent": "Nails",
                "navTargetLink": "http://local.ulta.com/ulta-collection-makeup-nails?N=279p",
                "navElementType": "subCategory",
                "dataNavDescription": "m - ulta collection:makeup by ulta:nails"
              }
            ],
            "dataNavDescription": "m - ulta collection:makeup by ulta"
          },
          {
            "navDisplayContent": "Skin by ULTA",
            "navTargetLink": "http://local.ulta.com/ulta-collection-skin?N=26vx",
            "navElementType": "subCategory",
            "categories": [
              {
                "navDisplayContent": "Face",
                "navElementType": "subCategory",
                "dataNavDescription": "m - :face"
              },
              {
                "navDisplayContent": "Body & Hand Care",
                "navTargetLink": "http://local.ulta.com/ulta-collection-bath-body-hand-soap-sanitizers?N=27e4",
                "navElementType": "subCategory",
                "dataNavDescription": "m - ulta collection:bath & body by ulta:body & hand care"
              },
              {
                "navDisplayContent": "Sun",
                "navElementType": "subCategory",
                "dataNavDescription": "m - :sun"
              }
            ],
            "dataNavDescription": "m - ulta collection:skin by ulta"
          },
          {
            "navDisplayContent": "Hair by ULTA",
            "navTargetLink": "http://local.ulta.com/ulta-collection-hair?N=26w6",
            "navElementType": "subCategory",
            "categories": [
              {
                "navDisplayContent": "Shampoo",
                "navTargetLink": "http://local.ulta.com/ulta-collection-hair-shampoo?N=27cw",
                "navElementType": "subCategory",
                "dataNavDescription": "m - ulta collection:hair by ulta:shampoo"
              },
              {
                "navDisplayContent": "Conditioner",
                "navTargetLink": "http://local.ulta.com/ulta-collection-hair-conditioner?N=27cx",
                "navElementType": "subCategory",
                "dataNavDescription": "m - ulta collection:hair by ulta:conditioner"
              },
              {
                "navDisplayContent": "Styling",
                "navElementType": "subCategory",
                "dataNavDescription": "m - :styling"
              },
              {
                "navDisplayContent": "Treatment",
                "navTargetLink": "http://local.ulta.com/ulta-collection-hair-treatment?N=27cz",
                "navElementType": "subCategory",
                "dataNavDescription": "m - ulta collection:hair by ulta:treatment"
              }
            ],
            "dataNavDescription": "m - ulta collection:hair by ulta"
          },
          {
            "navDisplayContent": "Bath & Body by ULTA",
            "navTargetLink": "http://local.ulta.com/ulta-collection-bath-body?N=26vy",
            "navElementType": "subCategory",
            "categories": [
              {
                "navDisplayContent": "Bath",
                "navTargetLink": "http://local.ulta.com/ulta-collection-bath-body-bath?N=27d0",
                "navElementType": "subCategory",
                "dataNavDescription": "m - ulta collection:bath & body by ulta:bath"
              },
              {
                "navDisplayContent": "Moisturizers",
                "navTargetLink": "http://local.ulta.com/ulta-collection-bath-body-moisturizers?N=27d1",
                "navElementType": "subCategory",
                "dataNavDescription": "m - ulta collection:bath & body by ulta:moisturizers"
              }
            ],
            "dataNavDescription": "m - ulta collection:bath & body by ulta"
          },
          {
            "navDisplayContent": "Men by ULTA",
            "navElementType": "subCategory",
            "dataNavDescription": "m - :men by ulta"
          },
          {
            "navDisplayContent": "Brushes & Tools by ULTA",
            "navTargetLink": "http://local.ulta.com/ulta-collection-brushes-tools?N=26w7",
            "navElementType": "subCategory",
            "dataNavDescription": "m - ulta collection:brushes & tools by ulta"
          },
          {
            "navDisplayContent": "Sets by ULTA",
            "navTargetLink": "http://local.ulta.com/ulta-collection-gifts-value-sets?N=26w8",
            "navElementType": "subCategory",
            "dataNavDescription": "m - ulta collection:sets by ulta"
          },
          {
            "navDisplayContent": "Gifts by ULTA",
            "navTargetLink": "http://local.ulta.com/ulta-gifts?N=27di",
            "navElementType": "subCategory",
            "dataNavDescription": "m - gifts:gifts by ulta"
          }
        ],
        "categoryLink": {
          "showInNewPage": false,
          "navTargetLink": "http://local.ulta.com/ulta-collection?N=26vr",
          "data-nav-description": "m - ulta collection",
          "linkText": ""
        },
        "fontColor": "nav-menu-style-black"
      },
      {
        "displayFeatured": "true",
        "flyout": [
          {
            "imageLink": {
              "showInNewPage": false,
              "navTargetLink": "http://local.ulta.com/ulta/browse/productDetail.jsp?productId=xlsImpprod14081023&skuId=2303282&_requestid=1095270",
              "linkText": "",
              "data-slot-position": "gifts_flyout_051516_gifts"
            },
            "navElementType": "subcategory",
            "navAttributes": "promoflyout",
            "imageAlt": "",
            "imgSrc": "http://images.ulta.com/is/image/Ulta/flyout_051516_gifts"
          }
        ],
        "navDisplayContent": "GIFTS",
        "featuredDataNav": "gifts:featured",
        "displayBookAppt": "false",
        "navElementType": "rootCategory",
        "featuredLabel": "Featured",
        "categories": [
          {
            "navDisplayContent": "Makeup Gifts",
            "navTargetLink": "http://local.ulta.com/makeup-gifts?N=276x",
            "navElementType": "subCategory",
            "dataNavDescription": "m - gifts:makeup gifts"
          },
          {
            "navDisplayContent": "Nail Gifts",
            "navTargetLink": "http://local.ulta.com/nail-gifts?N=27df",
            "navElementType": "subCategory",
            "dataNavDescription": "m - gifts:nail gifts"
          },
          {
            "navDisplayContent": "Skin Gifts",
            "navTargetLink": "http://local.ulta.com/skin-gifts?N=27cd",
            "navElementType": "subCategory",
            "dataNavDescription": "m - gifts:skin gifts"
          },
          {
            "navDisplayContent": "Hair Gifts",
            "navTargetLink": "http://local.ulta.com/hair-gifts?N=276w",
            "navElementType": "subCategory",
            "dataNavDescription": "m - gifts:hair gifts"
          },
          {
            "navDisplayContent": "Fragrance Gift Sets",
            "navTargetLink": "http://local.ulta.com/fragrance-gift-sets?N=27dg",
            "navElementType": "subCategory",
            "dataNavDescription": "m - gifts:fragrance gift sets"
          },
          {
            "navDisplayContent": "Bath & Body Gifts",
            "navTargetLink": "http://local.ulta.com/bath-body-gifts?N=27dh",
            "navElementType": "subCategory",
            "dataNavDescription": "m - gifts:bath & body gifts"
          },
          {
            "navDisplayContent": "Gifts by ULTA",
            "navTargetLink": "http://local.ulta.com/ulta-gifts?N=27di",
            "navElementType": "subCategory",
            "dataNavDescription": "m - gifts:gifts by ulta"
          },
          {
            "navDisplayContent": "Gifts for Him",
            "navElementType": "subCategory",
            "dataNavDescription": "m - :gifts for him"
          },
          {
            "navDisplayContent": "Gifts with Purchase ",
            "navTargetLink": "http://local.ulta.com/gifts-with-purchase?N=26wy",
            "navElementType": "subCategory",
            "dataNavDescription": "m - gifts:gifts with purchase "
          },
          {
            "navDisplayContent": "Gift Cards ",
            "navElementType": "subCategory",
            "dataNavDescription": "m - :gift cards "
          }
        ],
        "categoryLink": {
          "showInNewPage": false,
          "navTargetLink": "http://local.ulta.com/gifts?N=26ww",
          "data-nav-description": "m - gifts",
          "linkText": ""
        },
        "fontColor": "nav-menu-style-black"
      },
      {
        "navDisplayContent": "WHAT'S NEW",
        "navElementType": "rootCategory",
        "categories": [

        ],
        "categoryLink": {
          "showInNewPage": false,
          "navTargetLink": "http://local.ulta.com/ulta/a/_/N-6?ciSelector=searchResults&pgName=whatsnew",
          "data-nav-description": "m - what's new",
          "linkText": ""
        },
        "fontColor": "nav-menu-style-black"
      },
      {
        "navDisplayContent": "SALE",
        "navElementType": "rootCategory",
        "categories": [

        ],
        "categoryLink": {
          "showInNewPage": false,
          "navTargetLink": "http://local.ulta.com/promotion/buy-more-save-more/",
          "data-nav-description": "m - sale",
          "linkText": ""
        },
        "fontColor": "nav-menu-style-black"
      },
      {
        "navDisplayContent": "CURRENT AD",
        "navElementType": "rootCategory",
        "categories": [

        ],
        "categoryLink": {
          "showInNewPage": false,
          "navTargetLink": "http://storead.ulta.com/",
          "data-nav-description": "m - current ad",
          "linkText": ""
        },
        "fontColor": "nav-menu-style-black"
      },
      {
        "lineColor": "PM",
        "navElementType": "Filler",
        "navDisplayContent": "Filler1",
        "insertBlank": false,
        "insertLine": true
      },
      {
        "navDisplayContent": "BEAUTY SERVICES",
        "navElementType": "rootCategory",
        "categories": [
          {
            "navElementType": "SubCategory",
            "categoryLink": {
              "showInNewPage": false,
              "navTargetLink": "http://www.ulta.com/beautyservices/salon/",
              "data-nav-description": "m - beauty services:the salon™",
              "linkText": ""
            },
            "navDisplayContent": "THE SALON™"
          },
          {
            "navElementType": "SubCategory",
            "categoryLink": {
              "showInNewPage": false,
              "navTargetLink": "http://www.ulta.com/beautyservices/dermalogicaskinbar/index.html",
              "data-nav-description": "m - beauty services:skin bar",
              "linkText": ""
            },
            "navDisplayContent": "SKIN BAR"
          },
          {
            "navElementType": "SubCategory",
            "categoryLink": {
              "showInNewPage": false,
              "navTargetLink": "http://www.ulta.com/beautyservices/benefitbrowbar/index.html",
              "data-nav-description": "m - beauty services:brow bar",
              "linkText": ""
            },
            "navDisplayContent": "BROW BAR"
          },
          {
            "navElementType": "SubCategory",
            "categoryLink": {
              "showInNewPage": false,
              "navTargetLink": "http://www.ulta.com/beautyservices/menu.html",
              "data-nav-description": "m - beauty services:menu",
              "linkText": ""
            },
            "navDisplayContent": "MENU"
          },
          {
            "navElementType": "SubCategory",
            "categoryLink": {
              "showInNewPage": false,
              "navTargetLink": "http://www.ulta.com/ulta/stores/storelocator.jsp?fromsalon=true",
              "data-nav-description": "m - beauty services:book appointment",
              "linkText": ""
            },
            "navDisplayContent": "BOOK APPOINTMENT"
          },
          {
            "image": "http://images.ulta.com/is/image/Ulta/flyout_021416_bs",
            "imageLink": {
              "showInNewPage": false,
              "navTargetLink": "http://www.ulta.com/beautyservices",
              "data-nav-description": "m - beauty services:beauty service flyout",
              "linkText": ""
            },
            "navDisplayContent": "Beauty Service Flyout",
            "navElementType": "ImageSubCategory",
            "imageAlt": "",
            "imageSubCat": true
          }
        ],
        "categoryLink": {
          "showInNewPage": false,
          "navTargetLink": "http://www.ulta.com/beautyservices/",
          "data-nav-description": "m - beauty services",
          "linkText": ""
        },
        "fontColor": "demo-orange-pop"
      },
      {
        "navDisplayContent": "Book Appointment",
        "navElementType": "rootCategory",
        "categories": [

        ],
        "categoryLink": {
          "showInNewPage": false,
          "navTargetLink": "http://storead.ulta.com/",
          "data-nav-description": "m - current ad",
          "linkText": ""
        },
        "fontColor": "demo-orange-pop"
      },
      {
        "lineColor": "PM",
        "navElementType": "Filler",
        "navDisplayContent": "Filler2",
        "insertBlank": false,
        "insertLine": true
      },
      {
        "navDisplayContent": "Beauty Guides",
        "navElementType": "rootCategory",
        "categories": [

        ],
        "categoryLink": {
          "showInNewPage": false,
          "navTargetLink": "http://storead.ulta.com/",
          "data-nav-description": "m - current ad",
          "linkText": ""
        },
        "fontColor": "nav-menu-style-black"
      },
      {
        "navDisplayContent": "SOCIAL GALLERY",
        "navElementType": "rootCategory",
        "categories": [

        ],
        "categoryLink": {
          "showInNewPage": false,
          "navTargetLink": "http://local.ulta.com/ultaShareGallery/",
          "data-nav-description": "m - social gallery",
          "linkText": ""
        },
        "fontColor": "nav-menu-style-melon"
      }
    ]
  },
  "serviceInfo": {
    "lastFetchedTime": "2017-04-17 16:27:29.035+05:30"
  }
}
