{
  "@type": "MobileContent",
  "name": "Brands",
  "title": "Shop Brands",
  "topMargin": "15px",
  "bottomMargin": "15px",
  "brand": [
    {
      "name": "Ulta",
      "brandImage": "http://images.ulta.com/is/image/Ulta/ulta_logo_mobileHp",
      "imageAlt": "Ulta Beauty.",
      "brandLink": {
        "text": "",
        "showInNewPage": true,
        "navTargetLink": "http://ulta.com/brand/ulta?N=1z12lx1Z1z141ht"
      }
    },
    {
      "name": "Urban Decay",
      "brandImage": "http://images.ulta.com/is/image/Ulta/urbanDecay_logo_mobileHp",
      "imageAlt": "Urban Decay Cosmetics",
      "brandLink": {
        "text": "",
        "showInNewPage": false,
        "navTargetLink": "http://ulta.com/brand/urban-decay-cosmetics?N=1z12lx1Z1z141e7"
      }
    },
    {
      "name": "Benefit Cosmetics",
      "brandImage": "http://images.ulta.com/is/image/Ulta/benefit_logo_mobileHp",
      "imageAlt": "Benefit Cosmetics",
      "brandLink": {
        "text": "",
        "showInNewPage": false,
        "navTargetLink": "http://ulta.com/benefit-cosmetics?N=1z12lx1Z1z141ad"
      }
    },
    {
      "name": "Clinique",
      "brandImage": "http://images.ulta.com/is/image/Ulta/clinique_logo_mobileHp",
      "imageAlt": "Clinique",
      "brandLink": {
        "text": "",
        "showInNewPage": false,
        "navTargetLink": "http://ulta.com/brand/clinique?N=1z12lx1Z1z141cp"
      }
    },
    {
      "name": "Bareminerals",
      "brandImage": "http://images.ulta.com/is/image/Ulta/bareMinerals_logo_mobileHp",
      "imageAlt": "Bare Minerals",
      "brandLink": {
        "text": "",
        "showInNewPage": false,
        "navTargetLink": "http://ulta.com/brand/bareminerals?N=1z12lx1Z1z13p38"
      }
    },
    {
      "name": "NYX",
      "brandImage": "http://images.ulta.com/is/image/Ulta/nyx_logo_mobileHp",
      "imageAlt": "NYX Cosmetics",
      "brandLink": {
        "text": "",
        "showInNewPage": false,
        "navTargetLink": "http://ulta.com/brand/nyx-cosmetics?N=1z12lx1Z1z13p0g"
      }
    },
    {
      "name": "Too Faced",
      "brandImage": "http://images.ulta.com/is/image/Ulta/tooFaced_logo_mobileHp",
      "imageAlt": "Too Faced",
      "brandLink": {
        "text": "",
        "showInNewPage": false,
        "navTargetLink": "http://ulta.com/brand/too-faced?N=1z12lx1Z1z141di"
      }
    },
    {
      "name": "IT Cosmetics",
      "brandImage": "http://images.ulta.com/is/image/Ulta/itCos_logo_mobileHp",
      "imageAlt": "IT Cosmetics",
      "brandLink": {
        "text": "",
        "showInNewPage": false,
        "navTargetLink": "http://ulta.com/brand/it-cosmetics?N=1z12lx1Z1z13c70"
      }
    },
    {
      "name": "Redken",
      "brandImage": "http://images.ulta.com/is/image/Ulta/redken_logo_mobileHp",
      "imageAlt": "Redken",
      "brandLink": {
        "text": "",
        "showInNewPage": false,
        "navTargetLink": "http://ulta.com/brand/redken?N=1z12lx1Z1z14151"
      }
    },
    {
      "name": "Philosophy",
      "brandImage": "http://images.ulta.com/is/image/Ulta/philosophy_logo_mobileHp",
      "imageAlt": "Philosophy",
      "brandLink": {
        "text": "",
        "showInNewPage": false,
        "navTargetLink": "http://ulta.com/brand/philosophy?N=1z12lx1Z1z141ah"
      }
    }
  ]
}
