{
  "recommendedProducts": {
    "errorMessage": null,
    "errorCode": null,
    "pageId": null,
    "productItems": [
      {
        "strategyMesssage": "Previously Viewed",
        "productItemsList": [
          {
            "clickURL": "http://integration.richrelevance.com/rrserver/apiclick?a=f42e6dcbc17086cd&cak=17a88ce787db5c27&ct=http%3A%2F%2Fda3.ulta.com%2F4-elements-of-perfect-shave-unscented-starter-kit%3FproductId%3DxlsImpprod10112164&vg=5d9f2ea7-3366-452f-f742-ef57086d146f&stid=1000079&pti=3&pa=8316&pos=0&p=xlsImpprod10112164&channelId=17a88ce787db5c27&s=967294371893567744&u=967294371893567744",
            "skuImageUrl": null,
            "childSkuId": null,
            "numReviews": "13",
            "rating": null,
            "productBrandName": null,
            "isGwp": 0,
            "adbugMessage": null,
            "showListRange": true,
            "lowRangeListPrice": 30,
            "reviewCount": null,
            "showListAndSaleRange": false,
            "highRangeSalePrice": 0,
            "onSale": false,
            "multiSku": false,
            "productImageUrl": "//images.ulta.com/is/image/Ulta/2235820?$md$",
            "prodParentCatId": "cat370008",
            "brandName": "The Art of Shaving",
            "activeSkusCount": 1,
            "productId": "xlsImpprod10112164",
            "dfltSkuId": "2235820",
            "salePrice": 0,
            "parentCatDispName": "Gifts & Value Sets",
            "badges": [],
            "badge": null,
            "powerReviewRating": "4.5",
            "productDisplayName": "The 4 Elements of the Perfect Shave Unscented Starter Kit",
            "lowRangeSalePrice": 0,
            "skuDisplayName": null,
            "ratingDecimal": null,
            "highRangeListPrice": 30,
            "listPrice": 0,
            "promotionDO": null,
            "varaintDispName": null
          },
          {
            "clickURL": "http://integration.richrelevance.com/rrserver/apiclick?a=f42e6dcbc17086cd&cak=17a88ce787db5c27&ct=http%3A%2F%2Fda3.ulta.com%2Fmineral-body-lotion-sea-kissed%3FproductId%3DxlsImpprod13791309&vg=5d9f2ea7-3366-452f-f742-ef57086d146f&stid=1000079&pti=3&pa=8316&pos=1&p=xlsImpprod13791309&channelId=17a88ce787db5c27&s=967294371893567744&u=967294371893567744",
            "skuImageUrl": null,
            "childSkuId": null,
            "numReviews": "11",
            "rating": null,
            "productBrandName": null,
            "isGwp": 0,
            "adbugMessage": null,
            "showListRange": true,
            "lowRangeListPrice": 28,
            "reviewCount": null,
            "showListAndSaleRange": false,
            "highRangeSalePrice": 0,
            "onSale": false,
            "multiSku": false,
            "productImageUrl": "//images.ulta.com/is/image/Ulta/2298469?$md$",
            "prodParentCatId": "cat110042",
            "brandName": "Ahava",
            "activeSkusCount": 1,
            "productId": "xlsImpprod13791309",
            "dfltSkuId": "2298469",
            "salePrice": 0,
            "parentCatDispName": "Body Lotion & Creams",
            "badges": [],
            "badge": null,
            "powerReviewRating": "5.0",
            "productDisplayName": "Mineral Body Lotion Sea-Kissed",
            "lowRangeSalePrice": 0,
            "skuDisplayName": null,
            "ratingDecimal": null,
            "highRangeListPrice": 28,
            "listPrice": 0,
            "promotionDO": null,
            "varaintDispName": null
          },
          {
            "clickURL": "http://integration.richrelevance.com/rrserver/apiclick?a=f42e6dcbc17086cd&cak=17a88ce787db5c27&ct=http%3A%2F%2Fda3.ulta.com%2Fcolorfix-strong-flexible-top-coat%3FproductId%3DxlsImpprod5020123&vg=5d9f2ea7-3366-452f-f742-ef57086d146f&stid=1000079&pti=3&pa=8316&pos=2&p=xlsImpprod5020123&channelId=17a88ce787db5c27&s=967294371893567744&u=967294371893567744",
            "skuImageUrl": null,
            "childSkuId": null,
            "numReviews": "10",
            "rating": null,
            "productBrandName": null,
            "isGwp": 0,
            "adbugMessage": null,
            "showListRange": true,
            "lowRangeListPrice": 16,
            "reviewCount": null,
            "showListAndSaleRange": false,
            "highRangeSalePrice": 0,
            "onSale": false,
            "multiSku": false,
            "productImageUrl": "//images.ulta.com/is/image/Ulta/2246963?$md$",
            "prodParentCatId": "cat80068",
            "brandName": "Mavala",
            "activeSkusCount": 1,
            "productId": "xlsImpprod5020123",
            "dfltSkuId": "2246963",
            "salePrice": 0,
            "parentCatDispName": "Nail Polish",
            "badges": [],
            "badge": null,
            "powerReviewRating": "4.0",
            "productDisplayName": "Colorfix Strong, Flexible Top Coat",
            "lowRangeSalePrice": 0,
            "skuDisplayName": null,
            "ratingDecimal": null,
            "highRangeListPrice": 16,
            "listPrice": 0,
            "promotionDO": null,
            "varaintDispName": null
          },
          {
            "clickURL": "http://integration.richrelevance.com/rrserver/apiclick?a=f42e6dcbc17086cd&cak=17a88ce787db5c27&ct=http%3A%2F%2Fda3.ulta.com%2Fvinylux-weekly-polish%3FproductId%3DxlsImpprod11351077&vg=5d9f2ea7-3366-452f-f742-ef57086d146f&stid=1000079&pti=3&pa=8316&pos=3&p=xlsImpprod11351077&channelId=17a88ce787db5c27&s=967294371893567744&u=967294371893567744",
            "skuImageUrl": null,
            "childSkuId": null,
            "numReviews": "507",
            "rating": null,
            "productBrandName": null,
            "isGwp": 0,
            "adbugMessage": null,
            "showListRange": true,
            "lowRangeListPrice": 10.5,
            "reviewCount": null,
            "showListAndSaleRange": false,
            "highRangeSalePrice": 0,
            "onSale": false,
            "multiSku": true,
            "productImageUrl": "//images.ulta.com/is/image/Ulta/2281501?$md$",
            "prodParentCatId": "cat80068",
            "brandName": "Cnd",
            "activeSkusCount": 28,
            "productId": "xlsImpprod11351077",
            "dfltSkuId": "2281501",
            "salePrice": 0,
            "parentCatDispName": "Nail Polish",
            "badges": [
              {
                "badgeName": "isNew_badge",
                "priority": 8,
                "imageURL": "http://images.ulta.com/is/image/Ulta/badge-whats-new"
              }
            ],
            "badge": null,
            "powerReviewRating": "4.0",
            "productDisplayName": "Vinylux Weekly Polish",
            "lowRangeSalePrice": 0,
            "skuDisplayName": null,
            "ratingDecimal": null,
            "highRangeListPrice": 10.5,
            "listPrice": 0,
            "promotionDO": null,
            "varaintDispName": "Colors"
          }
        ],
        "placmentName": "cart_page.rvi"
      },
      {
        "strategyMesssage": "You May Also Like",
        "productItemsList": [
          {
            "clickURL": "http://integration.richrelevance.com/rrserver/apiclick?a=f42e6dcbc17086cd&cak=17a88ce787db5c27&ct=http%3A%2F%2Fda3.ulta.com%2Fbeard-envy-kit%3FproductId%3DxlsImpprod6490058&vg=5d9f2ea7-3366-452f-f742-ef57086d146f&stid=59&pti=3&pa=7589&pos=0&p=xlsImpprod6490058&channelId=17a88ce787db5c27&s=967294371893567744&u=967294371893567744",
            "skuImageUrl": null,
            "childSkuId": null,
            "numReviews": "78",
            "rating": null,
            "productBrandName": null,
            "isGwp": 0,
            "adbugMessage": null,
            "showListRange": true,
            "lowRangeListPrice": 25,
            "reviewCount": null,
            "showListAndSaleRange": false,
            "highRangeSalePrice": 0,
            "onSale": false,
            "multiSku": false,
            "productImageUrl": "//images.ulta.com/is/image/Ulta/2272041?$md$",
            "prodParentCatId": "cat370008",
            "brandName": "Billy Jealousy",
            "activeSkusCount": 1,
            "productId": "xlsImpprod6490058",
            "dfltSkuId": "2272041",
            "salePrice": 0,
            "parentCatDispName": "Gifts & Value Sets",
            "badges": [],
            "badge": null,
            "powerReviewRating": "4.5",
            "productDisplayName": "Beard Envy Kit",
            "lowRangeSalePrice": 0,
            "skuDisplayName": null,
            "ratingDecimal": null,
            "highRangeListPrice": 25,
            "listPrice": 0,
            "promotionDO": null,
            "varaintDispName": null
          },
          {
            "clickURL": "http://integration.richrelevance.com/rrserver/apiclick?a=f42e6dcbc17086cd&cak=17a88ce787db5c27&ct=http%3A%2F%2Fda3.ulta.com%2Fbeard-grooming-kit%3FproductId%3DxlsImpprod13141055&vg=5d9f2ea7-3366-452f-f742-ef57086d146f&stid=59&pti=3&pa=7589&pos=1&p=xlsImpprod13141055&channelId=17a88ce787db5c27&s=967294371893567744&u=967294371893567744",
            "skuImageUrl": null,
            "childSkuId": null,
            "numReviews": "4",
            "rating": null,
            "productBrandName": null,
            "isGwp": 0,
            "adbugMessage": null,
            "showListRange": true,
            "lowRangeListPrice": 35,
            "reviewCount": null,
            "showListAndSaleRange": false,
            "highRangeSalePrice": 0,
            "onSale": false,
            "multiSku": false,
            "productImageUrl": "//images.ulta.com/is/image/Ulta/2293700?$md$",
            "prodParentCatId": "cat370007",
            "brandName": "Jack Black",
            "activeSkusCount": 1,
            "productId": "xlsImpprod13141055",
            "dfltSkuId": "2293700",
            "salePrice": 0,
            "parentCatDispName": "Travel Size",
            "badges": [],
            "badge": null,
            "powerReviewRating": "4.5",
            "productDisplayName": "Beard Grooming Kit",
            "lowRangeSalePrice": 0,
            "skuDisplayName": null,
            "ratingDecimal": null,
            "highRangeListPrice": 35,
            "listPrice": 0,
            "promotionDO": null,
            "varaintDispName": null
          },
          {
            "clickURL": "http://integration.richrelevance.com/rrserver/apiclick?a=f42e6dcbc17086cd&cak=17a88ce787db5c27&ct=http%3A%2F%2Fda3.ulta.com%2Fbeard-oil%3FproductId%3DxlsImpprod13141057&vg=5d9f2ea7-3366-452f-f742-ef57086d146f&stid=59&pti=3&pa=7589&pos=2&p=xlsImpprod13141057&channelId=17a88ce787db5c27&s=967294371893567744&u=967294371893567744",
            "skuImageUrl": null,
            "childSkuId": null,
            "numReviews": "27",
            "rating": null,
            "productBrandName": null,
            "isGwp": 0,
            "adbugMessage": null,
            "showListRange": true,
            "lowRangeListPrice": 24,
            "reviewCount": null,
            "showListAndSaleRange": false,
            "highRangeSalePrice": 0,
            "onSale": false,
            "multiSku": false,
            "productImageUrl": "//images.ulta.com/is/image/Ulta/2293702?$md$",
            "prodParentCatId": "cat950008",
            "brandName": "Jack Black",
            "activeSkusCount": 1,
            "productId": "xlsImpprod13141057",
            "dfltSkuId": "2293702",
            "salePrice": 0,
            "parentCatDispName": "Beard Care",
            "badges": [],
            "badge": null,
            "powerReviewRating": "4.5",
            "productDisplayName": "Beard Oil",
            "lowRangeSalePrice": 0,
            "skuDisplayName": null,
            "ratingDecimal": null,
            "highRangeListPrice": 24,
            "listPrice": 0,
            "promotionDO": null,
            "varaintDispName": null
          },
          {
            "clickURL": "http://integration.richrelevance.com/rrserver/apiclick?a=f42e6dcbc17086cd&cak=17a88ce787db5c27&ct=http%3A%2F%2Fda3.ulta.com%2Fsupreme-cream-triple-cushion-shave-lather%3FproductId%3DxlsImpprod3730159&vg=5d9f2ea7-3366-452f-f742-ef57086d146f&stid=59&pti=3&pa=7589&pos=3&p=xlsImpprod3730159&channelId=17a88ce787db5c27&s=967294371893567744&u=967294371893567744",
            "skuImageUrl": null,
            "childSkuId": null,
            "numReviews": "53",
            "rating": null,
            "productBrandName": null,
            "isGwp": 0,
            "adbugMessage": null,
            "showListRange": true,
            "lowRangeListPrice": 13,
            "reviewCount": null,
            "showListAndSaleRange": false,
            "highRangeSalePrice": 0,
            "onSale": false,
            "multiSku": true,
            "productImageUrl": "//images.ulta.com/is/image/Ulta/2238594?$md$",
            "prodParentCatId": "cat110012",
            "brandName": "Jack Black",
            "activeSkusCount": 2,
            "productId": "xlsImpprod3730159",
            "dfltSkuId": "2238594",
            "salePrice": 0,
            "parentCatDispName": "Hair Removal",
            "badges": [
              {
                "badgeName": "isNew_badge",
                "priority": 8,
                "imageURL": "http://images.ulta.com/is/image/Ulta/badge-whats-new"
              }
            ],
            "badge": null,
            "powerReviewRating": "4.5",
            "productDisplayName": "Supreme Cream Triple Cushion Shave Lather",
            "lowRangeSalePrice": 0,
            "skuDisplayName": null,
            "ratingDecimal": null,
            "highRangeListPrice": 19,
            "listPrice": 0,
            "promotionDO": null,
            "varaintDispName": "Sizes"
          }
        ],
        "placmentName": "cart_page.horizontal"
      }
    ],
    "productIds": null,
    "success": true,
    "trackingId": null
  }
}
