{
  "FreeSampleItems": [ {
      "skuId": 1234,
      "sampleDesc": "Fragrance",
      "Selected": true
    },
    {
      "skuId": 1235,
      "sampleDesc": "Skincare",
      "Selected": false
    },
    {
      "skuId": 1236,
      "sampleDesc": "Variety",
      "Selected": false
    }
  ],
  "appliedCouponSummary": {
    "couponAppliedStatus": "Error",
    "couponOfferReqNotMet": true,
    "couponDescription": [
      "$10 off any $30 purchase CPW13344",
      "$2 off any $30 purchase CPW13344"
    ],
    "couponAppliedMsg": "CPW13344 has been applied",
    "couponCode": "CPW13344",
    "couponAppliedErrorMessage": "Discount will appear once offer requirements have been met"
  }
}