
{
  "priorityTag":"h2",
  "topMargin":"0px",
  "subTitle":"",
  "records":[
    {
      "adbugMessage": null,
      "product": {
        "activeSkusCount": 1,
        "displayName": "Online Only On The Glow Highlighting Palette",
        "actionUrl": "/on-glow-highlighting-palette?productId=xlsImpprod15931211",
        "isGWP": false,
        "id": "xlsImpprod15931211",
        "title": "Ofra Cosmetics Online Only On The Glow Highlighting Palette | Ulta Beauty",
        "multiSku": false,
        "defaultSku": "2511222"
      },
      "category": {
        "displayName": "Contouring",
        "id": "cat510002"
      },
      "sku": {
        "badges": {
          "items": [
            {
              "badgeName": "Online Only",
              "priority": 7,
              "badgeImageUrl": "https://images.ulta.com/is/image/Ulta/badge-online-only"
            }
          ]
        },
        "images": {
          "blowupImage": "https://images.ulta.com/is/image/Ulta/2511222?$detail$",
          "mainImage": "https://images.ulta.com/is/image/Ulta/2511222",
          "largeImage": "https://images.ulta.com/is/image/Ulta/2511222?$lg$",
          "smallImage": "https://images.ulta.com/is/image/Ulta/2511222?$sm$",
          "thumbnailImage": "https://images.ulta.com/is/image/Ulta/2511222?$tn$",
          "mediumImageUrl": "https://images.ulta.com/is/image/Ulta/2511222?$md$"
        },
        "displayName": null,
        "price": {
          "showListRange": true,
          "lowRangeListPrice": 110,
          "salePrice": null,
          "showListAndSaleRange": false,
          "highRangeSalePrice": 0,
          "lowRangeSalePrice": 0,
          "highRangeListPrice": 110,
          "listPrice": {
            "displayAmount": "$110.00",
            "amount": 110,
            "currencyCode": "USD"
          }
        },
        "variant": null,
        "id": "2511222"
      },
      "brand": {
        "brandName": "Ofra Cosmetics",
        "brandId": "xlsImp52500002"
      },
      "reviewSummary": {
        "reviewCount": 0,
        "rating": 0
      },
      "promotion": null
    },
    {
      "adbugMessage": null,
      "product": {
        "activeSkusCount": 5,
        "displayName": "Cameo Contour Dual-Ended Contour Stick",
        "actionUrl": "/cameo-contour-dual-ended-contour-stick?productId=xlsImpprod13161073",
        "isGWP": false,
        "id": "xlsImpprod13161073",
        "title": "PÜR Cameo Contour Dual-Ended Contour Stick | Ulta Beauty",
        "multiSku": true,
        "defaultSku": "2293998"
      },
      "category": {
        "displayName": "Contouring",
        "id": "cat510002"
      },
      "sku": {
        "badges": null,
        "images": {
          "blowupImage": "https://images.ulta.com/is/image/Ulta/2293998?$detail$",
          "mainImage": "https://images.ulta.com/is/image/Ulta/2293998",
          "largeImage": "https://images.ulta.com/is/image/Ulta/2293998?$lg$",
          "smallImage": "https://images.ulta.com/is/image/Ulta/2293998?$sm$",
          "thumbnailImage": "https://images.ulta.com/is/image/Ulta/2293998?$tn$",
          "mediumImageUrl": "https://images.ulta.com/is/image/Ulta/2293998?$md$"
        },
        "displayName": null,
        "price": {
          "showListRange": true,
          "lowRangeListPrice": 39.5,
          "salePrice": null,
          "showListAndSaleRange": false,
          "highRangeSalePrice": 0,
          "lowRangeSalePrice": 0,
          "highRangeListPrice": 39.5,
          "listPrice": {
            "displayAmount": "$39.50",
            "amount": 39.5,
            "currencyCode": "USD"
          }
        },
        "variant": {
          "variantType": "Colors",
          "variantDesc": "Light"
        },
        "id": "2293998"
      },
      "brand": {
        "brandName": "PÜR",
        "brandId": "24464"
      },
      "reviewSummary": {
        "reviewCount": 0,
        "rating": 0
      },
      "promotion": null
    },
    {
      "adbugMessage": null,
      "product": {
        "activeSkusCount": 4,
        "displayName": "Online Only Skin Sculpting Wand",
        "actionUrl": "/skin-sculpting-wand?productId=xlsImpprod16801688",
        "isGWP": false,
        "id": "xlsImpprod16801688",
        "title": "Ofra Cosmetics Online Only Skin Sculpting Wand | Ulta Beauty",
        "multiSku": true,
        "defaultSku": "2517605"
      },
      "category": {
        "displayName": "Contouring",
        "id": "cat510002"
      },
      "sku": {
        "badges": {
          "items": [
            {
              "badgeName": "Online Only",
              "priority": 7,
              "badgeImageUrl": "https://images.ulta.com/is/image/Ulta/badge-online-only"
            }
          ]
        },
        "images": {
          "blowupImage": "https://images.ulta.com/is/image/Ulta/2517605?$detail$",
          "mainImage": "https://images.ulta.com/is/image/Ulta/2517605",
          "largeImage": "https://images.ulta.com/is/image/Ulta/2517605?$lg$",
          "smallImage": "https://images.ulta.com/is/image/Ulta/2517605?$sm$",
          "thumbnailImage": "https://images.ulta.com/is/image/Ulta/2517605?$tn$",
          "mediumImageUrl": "https://images.ulta.com/is/image/Ulta/2517605?$md$"
        },
        "displayName": null,
        "price": {
          "showListRange": true,
          "lowRangeListPrice": 11,
          "salePrice": null,
          "showListAndSaleRange": false,
          "highRangeSalePrice": 0,
          "lowRangeSalePrice": 0,
          "highRangeListPrice": 11,
          "listPrice": {
            "displayAmount": "$11.00",
            "amount": 11,
            "currencyCode": "USD"
          }
        },
        "variant": {
          "variantType": "Colors",
          "variantDesc": "Sunrise (warm medium tone)"
        },
        "id": "2517605"
      },
      "brand": {
        "brandName": "Ofra Cosmetics",
        "brandId": "xlsImp52500002"
      },
      "reviewSummary": {
        "reviewCount": 0,
        "rating": 0
      },
      "promotion": null
    },
    {
      "adbugMessage": null,
      "product": {
        "activeSkusCount": 1,
        "displayName": "Crystalline Glow Bronzer & Highlighter Palette",
        "actionUrl": "/crystalline-glow-bronzer-highlighter-palette?productId=xlsImpprod17781039",
        "isGWP": false,
        "id": "xlsImpprod17781039",
        "title": "BareMinerals Crystalline Glow Bronzer & Highlighter Palette | Ulta Beauty",
        "multiSku": false,
        "defaultSku": "2524225"
      },
      "category": {
        "displayName": "Bronzer",
        "id": "cat80030"
      },
      "sku": {
        "badges": {
          "items": [
            {
              "badgeName": "New",
              "priority": 8,
              "badgeImageUrl": "https://images.ulta.com/is/image/Ulta/badge-whats-new"
            }
          ]
        },
        "images": {
          "blowupImage": "https://images.ulta.com/is/image/Ulta/2524225?$detail$",
          "mainImage": "https://images.ulta.com/is/image/Ulta/2524225",
          "largeImage": "https://images.ulta.com/is/image/Ulta/2524225?$lg$",
          "smallImage": "https://images.ulta.com/is/image/Ulta/2524225?$sm$",
          "thumbnailImage": "https://images.ulta.com/is/image/Ulta/2524225?$tn$",
          "mediumImageUrl": "https://images.ulta.com/is/image/Ulta/2524225?$md$"
        },
        "displayName": null,
        "price": {
          "showListRange": true,
          "lowRangeListPrice": 34,
          "salePrice": null,
          "showListAndSaleRange": false,
          "highRangeSalePrice": 0,
          "lowRangeSalePrice": 0,
          "highRangeListPrice": 34,
          "listPrice": {
            "displayAmount": "$34.00",
            "amount": 34,
            "currencyCode": "USD"
          }
        },
        "variant": null,
        "id": "2524225"
      },
      "brand": {
        "brandName": "BareMinerals",
        "brandId": "9015"
      },
      "reviewSummary": {
        "reviewCount": 0,
        "rating": 0
      },
      "promotion": null
    }
  ],
  "navDisplayContent":"NEW ARRIVALS",
  "bottomMargin":"15px",
  "navElementType":"MobileRecordSpotlight",
  "title":"NEW ARRIVALS",
  "sectionPriorityTag":"h2",
  "shopAllLink":{
    "showInNewPage":false,
    "navTargetLink":"http://qa1.ulta.com/ulta/a/Makeup/_/N-6Z26y1?Ns=product.startDate%7C1&ciSelector=searchResults&pgName=whatsnew",
    "linkText":"Shop All"
  }
}
